Consultas principales,Clics,Impresiones,CTR,Posición
alquiler pantalla led vigo,1,33,3.03%,7.03
pantallas led para eventos alquiler,1,2,50%,6
alquiler pantallas led para eventos,1,2,50%,8
pantalla led gigante madrid,0,309,0%,26.2
alquiler pantallas led mallorca,0,236,0%,28.17
pantalla led producciones,0,155,0%,45.12
wedding planners a coruña,0,151,0%,31.68
alquiler pantalla gigante led,0,132,0%,30.44
grupos musicales para bodas madrid,0,123,0%,33.13
coches de boda a coruña,0,117,0%,19.84
alquiler de pantalla gigante en cordoba,0,109,0%,11.94
streaming para eventos en barcelona,0,89,0%,39.51
pantallas led y audiovisuales en mallorca,0,85,0%,22.48
grupo de musica para bodas,0,81,0%,71.6
creación videoclip almeria,0,80,0%,19.57
productora audiovisual para moda y belleza.,0,80,0%,33.95
organización bodas a coruña,0,79,0%,48.94
coches de boda pamplona,0,78,0%,30.17
catering & dj's,0,70,0%,24.13
aftermovie de eventos,0,67,0%,31.87
pantallas led logroño,0,64,0%,10.22
alquiler pantalla led en feria vigo,0,63,0%,13.62
pantallas gigantes para conciertos,0,63,0%,31.17
alquiler de truss,0,63,0%,68.94
aftermovie para eventos barcelona,0,61,0%,25.21
alquiler pantallas gigantes precios,0,60,0%,33.85
alquiler pantallas de leds,0,59,0%,37.51
streaming corporativo girona,0,58,0%,18.22
dj para tu boda en denia,0,58,0%,27.43
producción de videoclips,0,58,0%,45.4
pantalla led alquiler alicante,0,55,0%,19.4
iluminacion espectacular,0,55,0%,52.47
pantalla led alquiler vigo,0,54,0%,7.87
alquiler pantalla led en feria malaga,0,54,0%,23.24
grupos musicales para bodas,0,53,0%,43.17
productora videoclips,0,53,0%,67.62
alquiler truss,0,53,0%,70.89
pantalla led alquiler malaga,0,52,0%,16.56
pantalla led alquiler zaragoza,0,52,0%,18.85
alquiler pantallas led gran formato,0,52,0%,29.52
coches de boda bilbao,0,51,0%,40.59
alquiler pantalla led sevilla,0,51,0%,48.82
grupos para bodas,0,51,0%,54.18
alquiler pantalla led en feria alicante,0,50,0%,25.26
eventos corporativos barcelona djs,0,50,0%,43.32
servicio de streaming para eventos en barcelona,0,50,0%,57.28
música en directo bodas salamanca,0,48,0%,26.54
pantallas led zaragoza,0,48,0%,34.48
iluminacion espectacular madrid,0,47,0%,18.09
bandas para bodas,0,47,0%,58.26
grupo musical para bodas precios,0,46,0%,46.46
boda catering mallorca,0,46,0%,51.46
alquiler pantallas led castellon,0,44,0%,16.3
finca de bodas en logroño,0,44,0%,20.07
bandas de música para bodas,0,43,0%,49.09
producción fashion films,0,43,0%,66.53
pantallas led publicitarias en bilbao,0,42,0%,33.9
alquiler truss madrid,0,39,0%,33.49
fincas bodas teruel,0,38,0%,24.71
bandas de musica para bodas,0,37,0%,65.78
pantallas led publicitarias en córdoba,0,36,0%,32.28
finca bodas aranjuez,0,36,0%,53.58
fiestas con dj coruña,0,35,0%,40.8
bodas aranjuez,0,35,0%,62.66
alquiler de coches antiguos para bodas pamplona,0,34,0%,37.5
pantalla led alquiler sevilla,0,32,0%,29.47
alquiler pantalla led barcelona,0,32,0%,67.78
alquiler truss barcelona,0,31,0%,26.42
alquiler pantalla led en feria sevilla,0,31,0%,32.45
branding almeria,0,30,0%,57.37
productora audiovisual toledo,0,29,0%,17.9
finca para catering ibiza,0,29,0%,29.1
catering premium,0,29,0%,31.59
banda para bodas,0,29,0%,56.28
músicos para bodas,0,29,0%,73.9
fincas catering ibiza,0,28,0%,23
contratar dj boda castellon,0,28,0%,41.29
transmisión de eventos en madrid,0,28,0%,64.04
catering premium valladolid,0,27,0%,14.67
bodas exclusivas,0,27,0%,35.67
coches de boda zaragoza,0,27,0%,65.81
wifi para eventos en jaen,0,26,0%,30.92
empresa catering de lujo mallorca,0,26,0%,48.73
finca catering ibiza,0,25,0%,23.48
aftermovie para eventos igualada,0,24,0%,7
grupos musica bodas,0,24,0%,49.62
alquiler de truss en valencia,0,23,0%,17.22
dj para tu boda en castellon,0,23,0%,23.65
servicio de catering premium para eventos de lujo,0,23,0%,35.22
pantallas led vigo,0,23,0%,38.3
grupos de música para bodas,0,23,0%,70.65
musica para bodas madrid,0,23,0%,82.43
pantallas led oviedo,0,22,0%,10.95
productora de fashion films,0,22,0%,18.64
streaming valencia,0,22,0%,28.41
alquiler pantalla led en feria zaragoza,0,22,0%,43.68
productora eventos en directo,0,22,0%,49.23
catering de lujo en ibiza,0,22,0%,51
grupo para bodas,0,22,0%,52.41
música para bodas madrid,0,21,0%,83.33
alquiler de truss sevilla,0,20,0%,7.2
catering para finca ibiza,0,20,0%,28.7
catering de lujo en mallorca,0,20,0%,52.8
alquiler pantalla gigante,0,20,0%,56.35
pantallas led cordoba,0,19,0%,12.74
alquiler pantallas ibiza,0,19,0%,15.37
lloguer pantalla led girona,0,19,0%,21.89
videoclips girona,0,19,0%,53.32
grupo musica bodas,0,19,0%,64.63
alquiler de estructuras truss,0,19,0%,65.32
marcas de alcohol eventos íntimos músicos emergentes circuito indie,0,18,0%,12.28
fincas bodas a coruña,0,18,0%,36.83
productora videoclips barcelona,0,17,0%,35.82
dj en bodas en valencia,0,17,0%,37.53
coches de boda valladolid,0,17,0%,67.76
música bodas madrid,0,17,0%,85.35
dj matrimonio precio santiago,0,16,0%,62.56
alquiler pantallas led barcelona,0,16,0%,67.12
productora de videoclips,0,16,0%,76.38
alquilar equipos de sonido pamplona,0,15,0%,22.87
alquiler pantalla led zaragoza,0,15,0%,41.4
empresa catering de lujo ibiza,0,15,0%,50.07
alquiler de pantalla gigante,0,15,0%,56.73
alquiler de pantallas gigantes,0,15,0%,60.13
grupos en vivo para bodas,0,15,0%,78.2
streaming de eventos en málaga,0,14,0%,16.93
alquiler pantalla led gigante,0,14,0%,48.79
precio alquiler pantalla led gigante,0,14,0%,60.93
streaming alicante,0,13,0%,12.69
fotografía de bodas estilo editorial en barcelona,0,13,0%,15.31
producción de videoclips artísticos en galicia para músicos y bailarines,0,13,0%,24.31
dj para bodas león,0,13,0%,35.23
fincas bodas pamplona,0,13,0%,39.31
alquiler de pantallas led gigantes,0,13,0%,46.31
alquiler de pantallas led,0,13,0%,63.46
catering para bodas precios mallorca,0,13,0%,79.92
dj en santiago,0,12,0%,29.33
decoración floral bodas bilbao,0,12,0%,35.25
dj para bodas granada,0,12,0%,41.08
alquiler pantallas gigantes,0,12,0%,59.92
alquiler de pantallas gigantes para eventos,0,12,0%,61.17
wedding planner zaragoza,0,12,0%,71.17
dj para bodas valencia,0,12,0%,86.42
alquiler pantallas led en mallorca,0,11,0%,15.91
grupo musical y orquesta de baile para bodas,0,11,0%,21.82
videoclips en valencia,0,11,0%,28.64
decoración floral bodas granada,0,11,0%,35.36
productora castellon,0,11,0%,38.73
decoración floral bodas murcia,0,11,0%,42.09
decoración floral bodas valladolid,0,11,0%,50
grupos de música para bodas en madrid,0,11,0%,50.73
pantallas gigantes alquiler,0,11,0%,61.09
mariachis en teruel,0,10,0%,11.2
alquiler y montaje truss,0,10,0%,31.1
alquiler de coches antiguos para bodas valladolid,0,10,0%,35
bodas valdemoro,0,10,0%,39.8
alquiler pantalla led girona,0,10,0%,40.2
productoras videoclips,0,10,0%,47.2
alquiler coche boda valladolid,0,10,0%,47.3
coches de boda las palmas,0,10,0%,69
dj para bodas málaga,0,10,0%,70.8
streaming multicámara en málaga,0,9,0%,10.22
productora de videoclips musicales vigo,0,9,0%,16.78
alquiler coche boda pamplona,0,9,0%,32.89
catering bodas pamplona,0,9,0%,33.11
alquiler pantallas led,0,9,0%,44.33
catering de lujo mallorca,0,9,0%,47.22
decoración floral bodas pamplona,0,9,0%,48
mariachis en burgos,0,9,0%,48.33
organizador de bodas pamplona,0,9,0%,49.89
pantalla led alquiler bilbao,0,9,0%,53.78
alquiler pantallas led gigantes,0,9,0%,54.89
bodas torrejón de ardoz,0,9,0%,56.67
produccion de videoclips,0,9,0%,66.56
alquiler pantallas led zaragoza,0,8,0%,11.25
pantallas led malaga,0,8,0%,13
dj bodas avila,0,8,0%,23.75
música en directo bodas palencia,0,8,0%,27.5
pantallas led san sebastian,0,8,0%,32.88
alquiler pantalla led alicante,0,8,0%,37.88
diseño de eventos en a coruña,0,8,0%,42
fincas bodas bilbao,0,8,0%,47.5
catering alcorcón,0,8,0%,52
alquiler iluminacion eventos malaga,0,8,0%,54.38
wedding planner bilbao,0,8,0%,55.25
decoración floral matrimonios santiago,0,8,0%,58.62
producción de videoclips en valencia,0,8,0%,60.88
alquiler pantallas gigantes madrid,0,8,0%,62.38
pantallas led en vigo,0,8,0%,63.12
musicos para bodas,0,8,0%,70.38
grupos de música para bodas y eventos,0,8,0%,71
coches de boda mallorca,0,8,0%,74.75
catering bodas ibiza,0,8,0%,76.12
alquiler coche boda guadalajara,0,8,0%,76.5
alquiler equipo de sonido en badajoz,0,8,0%,78.25
alquiler pantalla led valencia,0,8,0%,90.25
mariachis valladolid,0,7,0%,11
mariachis en palencia,0,7,0%,11.29
alquiler pantalla led malaga,0,7,0%,12.43
streaming en sevilla,0,7,0%,14.29
dj logroño,0,7,0%,16.57
contratar mariachis en palencia,0,7,0%,16.71
contratación de bandas musicales en avila,0,7,0%,25.43
dj bodas en a coruña,0,7,0%,37
boda en el centro de logroño,0,7,0%,44.86
alquiler de camaras de video ourense,0,7,0%,54.43
wedding planner toledo,0,7,0%,57.43
catering bodas jaen,0,7,0%,59.43
dj para bodas córdoba,0,7,0%,63.29
dj eventos santiago,0,7,0%,67
alquiler pantalla led bilbao,0,7,0%,67.43
coches de boda granada,0,7,0%,67.57
coches de boda córdoba,0,7,0%,68.57
wedding planner girona,0,7,0%,72
grupos de musica para bodas,0,7,0%,72.14
alquiler pantallas led valencia,0,7,0%,79.86
transporte para eventos tarragona,0,7,0%,82.86
streaming eventos teruel,0,6,0%,3.33
pantallas led en ourense,0,6,0%,10.67
pantallas led burgos,0,6,0%,11.67
productora audiovisual en soria,0,6,0%,12
fotografía editorial toledo,0,6,0%,13.17
alquiler pantallas led marbella,0,6,0%,13.5
audio profesional para empresas en teruel,0,6,0%,13.5
pantallas led santander,0,6,0%,14.33
dj para eventos en aranjuez,0,6,0%,16.33
transporte para bodas en almería,0,6,0%,42.5
productora artística en mallorca,0,6,0%,45
dj para bodas talavera de la reina,0,6,0%,46.33
catering en boadilla del monte,0,6,0%,46.83
autos para bodas león,0,6,0%,47.17
grupo musical para bodas,0,6,0%,48.5
coches para celebraciones en almería,0,6,0%,51.17
dj para bodas cádiz,0,6,0%,55
catering gastronómico santander,0,6,0%,59.5
wedding planner para bodas en badajoz,0,6,0%,63.17
alquiler tv led,0,6,0%,67.5
catering para bodas ibiza,0,6,0%,67.83
catering bodas valladolid,0,6,0%,68.33
marbella wedding dj,0,6,0%,70
alquiler de coches antiguos para bodas zaragoza,0,6,0%,70.83
catering bodas bilbao,0,6,0%,71
catering bodas tarragona,0,6,0%,74
catering boda tarragona,0,6,0%,76.67
dj para bodas en barcelona,0,6,0%,85.33
dj para bodas barcelona,0,6,0%,91.83
streaming murcia,0,5,0%,7.2
ear barcelona,0,5,0%,9
mariachis lleida,0,5,0%,11
pantallas led jaén,0,5,0%,12
pantallas led gijon,0,5,0%,12.4
pantallas led leon,0,5,0%,12.4
diseño de escenografía para eventos valladolid,0,5,0%,14.8
eventos en streaming toledo,0,5,0%,18.2
wedding planner pamplona,0,5,0%,23.2
mariachis girona,0,5,0%,23.8
contratación de artistas en segovia,0,5,0%,31.6
paneles led albacete,0,5,0%,37
iluminación espectacular,0,5,0%,39
contratar catering en pozuelo,0,5,0%,49.2
dj boda mallorca,0,5,0%,50.2
catering y eventos gijon,0,5,0%,52
producción de video en logroño,0,5,0%,53.6
espacios para bodas en logroño,0,5,0%,55.2
booking bandas musicales en castellon,0,5,0%,57.8
fotografo de bodas en móstoles,0,5,0%,59
pantallas led en a coruña,0,5,0%,61
lloguer pantalles led,0,5,0%,61.2
dj para bodas guadalajara,0,5,0%,62.4
alquiler pantallas led eventos,0,5,0%,65.6
dj de bodas malaga,0,5,0%,66.4
alquiler pantalla led indoor,0,5,0%,67.4
dj boda valencia,0,5,0%,70.2
alquiler coche boda mallorca,0,5,0%,70.6
catering para bodas tarragona,0,5,0%,76
música en vivo bodas salamanca,0,5,0%,78.2
haciendas para bodas jaén,0,5,0%,81.2
catering bodas santander,0,5,0%,81.8
organizador de bodas guadalajara,0,5,0%,82
productora de espectáculos en baleares,0,5,0%,83.8
musica para bodas en madrid,0,5,0%,85.6
wedding planner canarias,0,5,0%,91
alquiler de pantallas led profesionales en logroño,0,4,0%,8
productora audiovisual en melilla,0,4,0%,11.25
contratar mariachis en ávila,0,4,0%,11.5
alquiler de estructuras mallorca,0,4,0%,13.25
pantallas led pamplona,0,4,0%,15.75
wedding planner,0,4,0%,18
contratación de bandas musicales en segovia,0,4,0%,19.5
productora audiovisual valladolid,0,4,0%,20.25
pantallas led valladolid,0,4,0%,25.25
contratar mariachis en san sebastián,0,4,0%,25.5
catering en alcalá de henares,0,4,0%,27.25
contratar mariachis en lugo,0,4,0%,30
servicio de catering premium,0,4,0%,32.5
producción de conciertos en a coruña,0,4,0%,33.25
catering en leganés,0,4,0%,39.25
dj para bodas en a coruña,0,4,0%,40
catering eventos espacio la moraleja madrid,0,4,0%,42
pantallas led publicitarias en alicante,0,4,0%,43.5
pantallas led bilbao,0,4,0%,46
catering para eventos en alcobendas,0,4,0%,51.5
boda mallorca catering,0,4,0%,56.25
dj boda malaga,0,4,0%,57.5
alquiler equipos sonido tarragona,0,4,0%,58.75
bodas arganda del rey,0,4,0%,62.25
música en vivo bodas palencia,0,4,0%,62.75
catering bodas lleida,0,4,0%,64.5
wedding planner segovia,0,4,0%,65
dj para bodas malaga,0,4,0%,65.5
wedding planner córdoba,0,4,0%,67.25
wedding planner la rioja,0,4,0%,68
pantalla led alquiler barcelona,0,4,0%,69.75
dj girona,0,4,0%,70.25
bodas aesthetic coruña,0,4,0%,75.75
catering bodas girona,0,4,0%,76
dj bodas valencia,0,4,0%,78
eventos corporativos en boadilla del monte,0,4,0%,83
pantallas led alquiler,0,4,0%,88
grabación de vídeo en logroño,0,4,0%,97
fincas bodas córdoba,0,4,0%,97.5
edwin agudelo,0,3,0%,3.67
ear os,0,3,0%,5
alquiler de pantallas para eventos,0,3,0%,8.33
fomo pamplona,0,3,0%,8.67
mariachis en segovia,0,3,0%,9
alquiler iluminación bilbao,0,3,0%,10.33
mariachis en toledo,0,3,0%,15.33
contratar mariachis en gijón,0,3,0%,17
streaming en málaga,0,3,0%,18.67
contratar mariachis en salamanca,0,3,0%,21.33
mariachis en girona,0,3,0%,21.33
alquiler pantalla led,0,3,0%,23.67
cobertura audiovisual de eventos en tenerife,0,3,0%,24.67
alquiler coches de lujo aranjuez,0,3,0%,26.67
contratar mariachis en segovia,0,3,0%,27.67
grupo indie granada,0,3,0%,30.33
personalización floral canarias,0,3,0%,34.67
alquiler coches de lujo boadilla del monte,0,3,0%,36.33
fincas bodas alcala de henares,0,3,0%,37.33
producción técnica de eventos en girona,0,3,0%,38.67
alquiler proyectores santiago,0,3,0%,39.33
contratar catering en san sebastián de los reyes,0,3,0%,39.67
wedding planner coruña,0,3,0%,42.33
catering boda getafe,0,3,0%,44.33
alquiler equipos musica tarragona,0,3,0%,45.33
dj eventos valladolid,0,3,0%,50
wedding planner guadalajara,0,3,0%,51.67
catering eventos corporativos mallorca,0,3,0%,56.33
alquiler de pantallas leds,0,3,0%,56.67
producción de eventos tecnológicos asturias,0,3,0%,57.67
catering eventos jaen,0,3,0%,58
wedding planner caceres,0,3,0%,58.67
alquiler de pantallas sevilla,0,3,0%,60
productora girona,0,3,0%,60.67
pantallas led alicante,0,3,0%,63.33
produccion de conciertos en castellon,0,3,0%,63.33
catering mallorca bodas,0,3,0%,65
alquiler de pantallas led en barcelona,0,3,0%,65.33
diseño de marca almeria,0,3,0%,67.67
bandas sonoras para bodas,0,3,0%,71
dj para boda malaga,0,3,0%,72.33
servicio de catering para eventos en toledo,0,3,0%,74
catering para eventos en pozuelo de alarcón,0,3,0%,75.33
empresas de catering en leganes,0,3,0%,76
finca para eventos en palencia,0,3,0%,78.33
fotografo de bodas marbella,0,3,0%,82
decoración floral bodas barcelona,0,3,0%,85.67
pantallas led en santiago de compostela,0,3,0%,85.67
terapias florales mallorca,0,3,0%,86.67
catering bodas ciudad real,0,3,0%,87
musica bodas salamanca,0,3,0%,89.33
bodas rivas-vaciamadrid,0,3,0%,92.67
organizadores de bodas león,0,3,0%,94.67
productora cortometrajes girona,0,3,0%,95.67
grupo indie valladolid,0,2,0%,9.5
renta de pantallas led en salamanca,0,2,0%,9.5
mariachis mallorca,0,2,0%,10
pantallas-led-ibiza,0,2,0%,10.5
productora boda alicante,0,2,0%,10.5
alquiler de pantallas led para eventos,0,2,0%,11
dj bodas,0,2,0%,11
alquiler de sonido profesional en logroño,0,2,0%,11.5
contratar mariachis en valladolid,0,2,0%,12
mariachis en gijón,0,2,0%,12
alquiler de sonido profesional logroño,0,2,0%,12.5
iluminacion eventos segovia,0,2,0%,12.5
productora audiovisual en palencia,0,2,0%,12.5
mariachis en salamanca,0,2,0%,15.5
escenografía profesional para eventos corporativos valladolid,0,2,0%,18
mariachis en valladolid,0,2,0%,18.5
catering corporativo collado villalba,0,2,0%,19
mariachis en lugo,0,2,0%,19.5
pantallas led murcia,0,2,0%,19.5
videoclips alicante,0,2,0%,19.5
fotografo bodas sotogrande,0,2,0%,21
sonido boda ibiza,0,2,0%,24
contratar mariachis en logroño,0,2,0%,25
contratar mariachis en burgos,0,2,0%,25.5
grupos indie granada,0,2,0%,27.5
grupo musical bodas,0,2,0%,31
contratar dj bodas santiago de compostela,0,2,0%,31.5
contratación de artistas en avila,0,2,0%,32
iluminacion eventos canarias,0,2,0%,32.5
decoración floral bodas a coruña,0,2,0%,33
decoración floral bodas mallorca,0,2,0%,33.5
dj bodas mallorca,0,2,0%,34.5
alquiler coches de lujo alcorcon,0,2,0%,37.5
alquiler equipo de audio mallorca,0,2,0%,41.5
alquiler coches de lujo coslada,0,2,0%,42
alquiler pantalla led en feria bilbao,0,2,0%,45
dj bodas gandía,0,2,0%,45.5
branding lugo,0,2,0%,47.5
streaming en castellon,0,2,0%,48.5
alquiler coche boda bilbao,0,2,0%,50
montaje de equipos de musica en coches en valladolid,0,2,0%,50.5
aftermovie que es,0,2,0%,51
contratar mariachis en oviedo,0,2,0%,55
transporte para eventos corporativos mallorca,0,2,0%,55
alquiler de tv led,0,2,0%,55.5
pantalla led extremadura,0,2,0%,56
montaje de pantallas led gigantes,0,2,0%,56.5
catering para empresas en pozuelo de alarcón,0,2,0%,57
contratar mariachis en toledo,0,2,0%,57.5
pantalla led bilbao,0,2,0%,57.5
eventos jazz en guadalajara,0,2,0%,59
sonido e iluminación profesional en canarias,0,2,0%,59
alquiler pantallas de led,0,2,0%,60
fincas bodas huesca,0,2,0%,60.5
contratar mariachis en vigo,0,2,0%,61
productora estéreo,0,2,0%,61.5
alquiler de led,0,2,0%,63.5
dj bodas cordoba,0,2,0%,65.5
productora artística para eventos,0,2,0%,67
ingeniería acústica en ourense,0,2,0%,68
productora streaming madrid,0,2,0%,69.5
alquiler equipo de sonido mallorca,0,2,0%,72.5
empresa organizadora bodas mallorca,0,2,0%,75.5
montaje de pantallas gigantes,0,2,0%,76.5
orquesta boda,0,2,0%,76.5
pantallas led para eventos lugo,0,2,0%,77
productora de espectáculos en mallorca,0,2,0%,77
finca bodas jaen,0,2,0%,80.5
grupos de musica bodas,0,2,0%,81.5
catering bodas guadalajara,0,2,0%,83.5
finca para bodas en cáceres,0,2,0%,84
organizacion bodas pamplona,0,2,0%,84.5
grupo musica boda,0,2,0%,85.5
productora de eventos en valencia,0,2,0%,85.5
música bodas salamanca,0,2,0%,86.5
catering para rodajes alicante,0,2,0%,89
fincas para bodas tarragona,0,2,0%,89
instalación pantallas led barcelona,0,2,0%,90
dj evento mallorca,0,2,0%,90.5
dj mallorca,0,2,0%,91
musica bodas en salamanca,0,2,0%,91
alquiler de coches antiguos para bodas bilbao,0,2,0%,91.5
celebrar boda en logroño,0,2,0%,95
aftermovie profesional,0,2,0%,96
rigging mallorca,0,2,0%,98.5
grupos musicales para bodas pamplona,0,2,0%,101
sí,0,1,0%,2
alquiler de pantallas en cordoba,0,1,0%,3
fotografo de bodas en madrid,0,1,0%,3
si,0,1,0%,3
alquiler de pantallas led profesionales logroño,0,1,0%,4
dj avila hoy,0,1,0%,5
dj arganda del rey,0,1,0%,6
alquiler esrtructuras y motores,0,1,0%,7
alquiler de pantalla led para eventos,0,1,0%,8
alquiler pantallas leds,0,1,0%,8
mariachis soria,0,1,0%,9
productora audiovisual en ávila,0,1,0%,9
alquiler de sonido cordoba,0,1,0%,10
mariachis gijon,0,1,0%,10
alquiler pantallas eventos,0,1,0%,11
mariachis en lleida,0,1,0%,11
mariachis en ávila,0,1,0%,11
mariachis granada,0,1,0%,11
mariachis salamanca,0,1,0%,12
mariachis sevilla,0,1,0%,12
preparación de coches para bodas en pozuelo de alarcón,0,1,0%,12
producción técnica integral en islas baleares,0,1,0%,12
sistemas audiovisuales melilla,0,1,0%,12
wedding planner logroño,0,1,0%,12
alquiler de estructuras y escenarios en logroño,0,1,0%,13
productora audiovisual caceres,0,1,0%,13
dj torrejon de ardoz,0,1,0%,14
proveedores pantallas led alquiler eventos chile por región,0,1,0%,14
contratar mariachis en león,0,1,0%,17
fotógrafo coches bodas de lujo,0,1,0%,17
grupo granada indie,0,1,0%,17
alquiler de estructuras y escenarios logroño,0,1,0%,18
alquiler de equipos de sonido pamplona,0,1,0%,20
productora audiovisual en valladolid,0,1,0%,20
productora audiovisual gipuzkoa,0,1,0%,24
iluminacion boda ibiza,0,1,0%,26
servicios audiovisuales para bodas en logroño,0,1,0%,26
producción y montaje técnico para eventos en logroño,0,1,0%,27
djs para bodas en cadiz,0,1,0%,30
alquiler de camaras marbella,0,1,0%,31
catering en valdemoro,0,1,0%,32
contratar mariachis en pamplona,0,1,0%,33
renta de pantallas led indoor / outdoor,0,1,0%,33
contratar catering en alcobendas,0,1,0%,34
iluminación para eventos murcia,0,1,0%,34
empresas de catering alcala de henares,0,1,0%,36
bodas coslada,0,1,0%,37
empresa de streaming en málaga,0,1,0%,37
finca aranjuez bodas,0,1,0%,37
alquilar trusses,0,1,0%,40
alquiler coches de lujo valdemoro,0,1,0%,43
contratar mariachis en bilbao,0,1,0%,43
fincas para bodas en aranjuez,0,1,0%,43
productora musical canarias,0,1,0%,43
catering corporativo salamanca,0,1,0%,44
fotografos boda pamplona,0,1,0%,44
alquiler de tv led para eventos,0,1,0%,45
wedding planner gijón,0,1,0%,45
catering boda salamanca,0,1,0%,47
grupo musical boda,0,1,0%,47
mariachis en san sebastián,0,1,0%,47
productoras audiovisuales valladolid,0,1,0%,47
vehículos para eventos en almería,0,1,0%,47
alquiler coches de lujo fuenlabrada,0,1,0%,48
bodas en aranjuez,0,1,0%,48
productora eventos cadiz,0,1,0%,48
grupos musicales bodas,0,1,0%,49
alquiler pantalla led exterior,0,1,0%,50
catering para bodas salamanca,0,1,0%,50
finca bodas alcala de henares,0,1,0%,51
microbuses para bodas tarragona,0,1,0%,51
eventos corporativos lugo,0,1,0%,52
fotografia de bodas pamplona,0,1,0%,54
catering para bodas guadalajara,0,1,0%,55
productora streaming murcia,0,1,0%,56
wedding planner ñuñoa,0,1,0%,56
dj bodas malaga,0,1,0%,57
wedding planner vigo,0,1,0%,58
alquiler coches producciones audiovisuales valencia,0,1,0%,62
decoración floral ibiza,0,1,0%,63
orquestas bodas,0,1,0%,63
catering san sebastian de los reyes,0,1,0%,64
diseño de logos en pamplona,0,1,0%,65
productora audiovisual tenerife,0,1,0%,66
alquiler de televisores led,0,1,0%,67
vogue fuenlabrada,0,1,0%,68
wedding planner ourense,0,1,0%,68
dj boda gandia,0,1,0%,70
pantallas led publicitarias en zaragoza,0,1,0%,70
productora podcast barcelona,0,1,0%,70
alquiler de vehiculos para bodas en san sebastian,0,1,0%,71
dj de guadalajara,0,1,0%,71
eventos streaming,0,1,0%,71
darse de alta ear,0,1,0%,75
catering en collado villalba,0,1,0%,76
dj boda gandía,0,1,0%,76
servicio de catering en alcobendas,0,1,0%,76
iluminación en eventos en asturias,0,1,0%,77
branding pontevedra,0,1,0%,78
wedding dj marbella,0,1,0%,78
bodas parla,0,1,0%,79
catering empresas jaen,0,1,0%,79
catering eventos salamanca,0,1,0%,79
wedding planner para badajoz,0,1,0%,79
sistemas audiovisuales en valencia,0,1,0%,80
pantallas para auditorios,0,1,0%,81
productora de videos de bodas valencia,0,1,0%,81
empresa streaming madrid,0,1,0%,82
fotografo bodas almeria,0,1,0%,82
ingeniería acústica huelva,0,1,0%,82
wedding catering ibiza,0,1,0%,84
alianzas diamantes valladolid,0,1,0%,85
musicos para bodas madrid,0,1,0%,85
alquilar pantalla led gigante,0,1,0%,86
alquiler de coches antiguos para bodas granada,0,1,0%,86
fincas para bodas badajoz,0,1,0%,86
producción de espectáculos en baleares,0,1,0%,86
sonido e iluminación pontevedra,0,1,0%,86
arriendo pantallas led,0,1,0%,87
catering para eventos en santander,0,1,0%,87
dj sevilla precios,0,1,0%,87
iluminación robotica,0,1,0%,87
coches de boda alicante,0,1,0%,89
alquiler de iluminacion valencia centro,0,1,0%,90
organizador boda mallorca,0,1,0%,90
pantalla gigante evento,0,1,0%,90
catering para eventos en leon,0,1,0%,91
festival indie valencia,0,1,0%,91
luces y sonido eventos pontevedra,0,1,0%,91
finca para eventos en alcalá de henares,0,1,0%,92
producción de eventos huelva,0,1,0%,92
coche boda barcelona,0,1,0%,93
catering para eventos en san sebastián de los reyes,0,1,0%,94
decoracion bodas a coruña,0,1,0%,96
streaming y grabacion de eventos en asturias,0,1,0%,96
dj profesional en cadiz,0,1,0%,97
pantalla led alquiler valencia,0,1,0%,97
alquiler pantalla led en feria barcelona,0,1,0%,98
bodas pozuelo de alarcón,0,1,0%,98
catering san sebastián de los reyes,0,1,0%,98
eventos corporativos ourense,0,1,0%,98
productora de eventos en manacor,0,1,0%,98
alquiler pantallas led precios,0,1,0%,99
catering móstoles,0,1,0%,99
wedding planners córdoba,0,1,0%,99
catering en pozuelo de alarcón,0,1,0%,100
catering gourmet ibiza,0,1,0%,103
wedding planners granada,0,1,0%,103
organizador de bodas bilbao,0,1,0%,104
wedding planners zaragoza,0,1,0%,104
catering ibiza precios,0,1,0%,105
bodas collado villalba,0,1,0%,106
catering eventos ibiza,0,1,0%,106