Páginas principales,Clics,Impresiones,CTR,Posición
https://productoraear.com/,24,63,38.1%,4.02
https://productoraear.com/home/,14,84,16.67%,4.32
https://productoraear.com/articulo/alquiler-pantalla-led-san-sebastian,3,9,33.33%,6.78
https://productoraear.com/articulo/alquiler-estructuras-truss-mallorca,2,11,18.18%,8.27
https://productoraear.com/arsenal/alquiler-estructuras-truss-granada,2,10,20%,3.9
https://productoraear.com/articulo/produccion-videoclips-musicales-getafe/,2,4,50%,5.5
https://productoraear.com/grupos-musicales-bodas,1,809,0.12%,55.46
https://productoraear.com/articulo/alquiler-pantalla-led-vigo,1,85,1.18%,19.6
https://productoraear.com/articulo/alquiler-pantalla-led-bilbao,1,61,1.64%,34.2
https://productoraear.com/festival,1,46,2.17%,6.67
https://productoraear.com/articulo/produccion-videoclips-musicales-canarias/,1,34,2.94%,67.71
https://productoraear.com/articulo/produccion-videoclips-musicales-castellon/,1,19,5.26%,25.47
https://productoraear.com/articulo/alquiler-pantalla-led-guadalajara,1,19,5.26%,33.79
https://productoraear.com/articulo/alquiler-pantalla-led-gijon,1,18,5.56%,18.72
https://productoraear.com/articulo/mariachis-elite-cuenca/,1,16,6.25%,16.06
https://productoraear.com/articulo/mariachis-elite-gijon/,1,11,9.09%,12.64
https://productoraear.com/articulo/alquiler-estructuras-truss-sevilla,1,11,9.09%,14
https://productoraear.com/articulo/artistas-indie-pop-almeria,1,10,10%,4.7
https://productoraear.com/ayuntamientos-premium,1,10,10%,5.8
https://productoraear.com/articulo/alquiler-sonido-line-array-palencia/,1,10,10%,25.6
https://productoraear.com/articulo/artistas-indie-pop-guadalajara/,1,8,12.5%,8.88
https://productoraear.com/articulo/alquiler-estructuras-truss-burgos/,1,7,14.29%,3.14
https://productoraear.com/arsenal/alquiler-estructuras-truss-alcala-de-henares,1,7,14.29%,4.43
https://productoraear.com/arsenal/alquiler-pantalla-led-alcala-de-henares,1,7,14.29%,17.43
https://productoraear.com/articulo/alquiler-pantalla-led-albacete/,1,7,14.29%,32.86
https://productoraear.com/articulo/alquiler-pantalla-led-santiago,1,6,16.67%,40.83
https://productoraear.com/weddings/dj-boda-premium-alcorcon,1,5,20%,7.6
https://productoraear.com/arsenal/alquiler-estructuras-truss-bilbao,1,5,20%,10
https://productoraear.com/articulo/alquiler-pantalla-led-boadilla-del-monte/,1,5,20%,26.4
https://productoraear.com/articulo/aftermovie-eventos-alcala-de-henares,1,5,20%,31.4
https://productoraear.com/articulo/streaming-eventos-hibridos-logrono/,1,4,25%,4
https://productoraear.com/articulo/wedding-planners-fuenlabrada,1,4,25%,5.75
https://productoraear.com/articulo/alquiler-estructuras-truss-pamplona/,1,4,25%,6.5
https://productoraear.com/articulo/alquiler-pantalla-led-san-sebastian/,1,4,25%,7.5
https://productoraear.com/articulo/alquiler-estructuras-truss-ourense/,1,4,25%,18.5
https://productoraear.com/articulo/catering-boda-premium-murcia,1,3,33.33%,21.33
https://productoraear.com/articulo/artistas-jazz-soul-collado-villalba,1,3,33.33%,28
https://productoraear.com/arsenal/alquiler-estructuras-truss-leon,1,2,50%,1.5
https://productoraear.com/articulo/audio-branding-corporativo-mallorca/,1,2,50%,1.5
https://productoraear.com/articulo/alquiler-estructuras-truss-albacete/,1,2,50%,2
https://productoraear.com/articulo/alquiler-pantalla-led-sotogrande,1,2,50%,2
https://productoraear.com/articulo/alquiler-sonido-line-array-guadalajara/,1,2,50%,2
https://productoraear.com/arsenal/alquiler-sonido-line-array-ciudad-real,1,2,50%,3
https://productoraear.com/articulo/alquiler-sonido-line-array-mallorca/,1,2,50%,3
https://productoraear.com/articulo/wedding-planners-madrid/,1,2,50%,3
https://productoraear.com/arsenal/alquiler-sonido-line-array-cuenca,1,2,50%,4
https://productoraear.com/articulo/alquiler-iluminacion-robotica-a-coruna/,1,2,50%,5
https://productoraear.com/articulo/wedding-planners-alicante/,1,2,50%,5.5
https://productoraear.com/arsenal/alquiler-sonido-line-array-ciudad-real/,1,2,50%,8
https://productoraear.com/articulo/alquiler-sonido-line-array-alicante/,1,2,50%,9.5
https://productoraear.com/articulo/alquiler-pantalla-led-ciudad-real,1,2,50%,12.5
https://productoraear.com/articulo/artistas-jazz-soul-alicante,1,2,50%,21.5
https://productoraear.com/articulo/streaming-eventos-hibridos-vigo/,1,2,50%,54
https://productoraear.com/articulo/alquiler-sonido-line-array-malaga/,1,1,100%,1
https://productoraear.com/articulo/fashion-films-cadiz,1,1,100%,1
https://productoraear.com/articulo/coches-bodas-lujo-soria,1,1,100%,2
https://productoraear.com/articulo/coches-bodas-lujo-vigo,1,1,100%,2
https://productoraear.com/articulo/alquiler-estructuras-truss-santander/,1,1,100%,3
https://productoraear.com/articulo/fotografos-boda-editorial-sevilla,1,1,100%,4
https://productoraear.com/articulo/coches-bodas-lujo-alcala-de-henares,1,1,100%,5
https://productoraear.com/articulo/artistas-indie-pop-santiago,1,1,100%,7
https://productoraear.com/articulo/audio-branding-corporativo-leganes/,1,1,100%,8
https://productoraear.com/articulo/artistas-indie-pop-marbella/,1,1,100%,33
https://productoraear.com/articulo/fotografos-boda-editorial-teruel/,1,1,100%,167
https://productoraear.com/articulo/alquiler-pantalla-led-barcelona,0,442,0%,37.99
https://productoraear.com/articulo/wedding-planners-a-coruna/,0,203,0%,39.33
https://productoraear.com/articulo/alquiler-pantalla-led-madrid/,0,140,0%,32.7
https://productoraear.com/articulo/alquiler-pantalla-led-madrid,0,136,0%,36.87
https://productoraear.com/articulo/alquiler-pantalla-led-cordoba/,0,129,0%,16.94
https://productoraear.com/arsenal/alquiler-pantalla-led-mallorca,0,127,0%,23.07
https://productoraear.com/articulo/catering-boda-premium-mallorca,0,126,0%,53.03
https://productoraear.com/weddings/coches-bodas-lujo-a-coruna,0,123,0%,19.89
https://productoraear.com/articulo/produccion-videoclips-musicales-barcelona/,0,116,0%,53.82
https://productoraear.com/articulo/catering-boda-premium-ibiza/,0,111,0%,41.86
https://productoraear.com/articulo/colaboracion-wedding-planners-mallorca,0,109,0%,44.93
https://productoraear.com/articulo/alquiler-pantalla-led-rivas-vaciamadrid/,0,107,0%,33.29
https://productoraear.com/articulo/alquiler-pantalla-led-vigo/,0,104,0%,12.82
https://productoraear.com/madrid/iluminacion-espectacular,0,102,0%,39.25
https://productoraear.com/articulo/alquiler-pantalla-led-alicante/,0,101,0%,29.05
https://productoraear.com/articulo/alquiler-pantalla-led-mallorca/,0,97,0%,13.28
https://productoraear.com/articulo/alquiler-pantalla-led-malaga/,0,93,0%,25.65
https://productoraear.com/articulo/streaming-eventos-hibridos-barcelona/,0,89,0%,49.17
https://productoraear.com/articulo/alquiler-pantalla-led-zaragoza,0,87,0%,26.79
https://productoraear.com/articulo/alquiler-pantalla-led-sevilla,0,87,0%,35.55
https://productoraear.com/articulo/catering-boda-premium-barcelona/,0,83,0%,24.28
https://productoraear.com/articulo/coches-bodas-lujo-pamplona/,0,78,0%,28.32
https://productoraear.com/articulo/alquiler-pantalla-led-zaragoza/,0,74,0%,23.62
https://productoraear.com/articulo/alquiler-estructuras-truss-valencia/,0,74,0%,43.27
https://productoraear.com/articulo/alquiler-pantalla-led-barcelona/,0,73,0%,67.38
https://productoraear.com/weddings/fincas-bodas-exclusivas-aranjuez,0,68,0%,56.99
https://productoraear.com/articulo/alquiler-pantalla-led-fuenlabrada/,0,64,0%,43.64
https://productoraear.com/articulo/aftermovie-eventos-barcelona,0,61,0%,25.21
https://productoraear.com/articulo/fashion-films-marbella/,0,57,0%,39.7
https://productoraear.com/articulo/streaming-eventos-hibridos-barcelona,0,56,0%,42.18
https://productoraear.com/articulo/produccion-videoclips-musicales-almeria/,0,54,0%,20.67
https://productoraear.com/articulo/alquiler-pantalla-led-malaga,0,52,0%,22.71
https://productoraear.com/weddings/dj-boda-premium-alicante,0,52,0%,26.38
https://productoraear.com/articulo/alquiler-pantalla-led-alicante,0,49,0%,27.98
https://productoraear.com/articulo/wedding-planners-a-coruna,0,49,0%,32.78
https://productoraear.com/articulo/catering-boda-premium-ibiza,0,48,0%,28.65
https://productoraear.com/articulo/alquiler-pantalla-led-rivas-vaciamadrid,0,48,0%,30.67
https://productoraear.com/weddings/coches-bodas-lujo-bilbao,0,46,0%,35.89
https://productoraear.com/articulo/alquiler-pantalla-led-ibiza,0,44,0%,29.98
https://productoraear.com/articulo/coches-bodas-lujo-pamplona,0,44,0%,38.14
https://productoraear.com/articulo/alquiler-pantalla-led-cordoba,0,43,0%,13.44
https://productoraear.com/articulo/dj-saxo-live-barcelona/,0,42,0%,42.52
https://productoraear.com/articulo/alquiler-estructuras-truss-almeria,0,41,0%,65.95
https://productoraear.com/articulo/streaming-eventos-hibridos-girona/,0,40,0%,21.48
https://productoraear.com/articulo/alquiler-estructuras-truss-barcelona/,0,40,0%,33.12
https://productoraear.com/articulo/alquiler-pantalla-led-teruel,0,39,0%,58.9
https://productoraear.com/articulo/dj-boda-premium-valencia/,0,39,0%,60.92
https://productoraear.com/articulo/aftermovie-eventos-huelva/,0,38,0%,27.34
https://productoraear.com/articulo/fashion-films-majadahonda/,0,37,0%,64.32
https://productoraear.com/articulo/fincas-bodas-exclusivas-logrono/,0,36,0%,18.69
https://productoraear.com/articulo/streaming-eventos-hibridos-malaga,0,36,0%,27.08
https://productoraear.com/arsenal/alquiler-pantalla-led-logrono,0,35,0%,11
https://productoraear.com/articulo/alquiler-pantalla-led-castellon/,0,35,0%,16.54
https://productoraear.com/articulo/alquiler-pantalla-led-logrono/,0,34,0%,14.29
https://productoraear.com/toledo/produccion-audiovisual,0,34,0%,16.62
https://productoraear.com/articulo/alquiler-pantalla-led-majadahonda,0,34,0%,38.79
https://productoraear.com/articulo/streaming-eventos-hibridos-jaen,0,33,0%,31.06
https://productoraear.com/weddings/dj-saxo-live-a-coruna,0,33,0%,36.09
https://productoraear.com/articulo/audio-branding-corporativo-teruel/,0,32,0%,18.69
https://productoraear.com/articulo/fincas-bodas-exclusivas-teruel,0,32,0%,23.41
https://productoraear.com/articulo/dj-saxo-live-salamanca,0,32,0%,39.56
https://productoraear.com/articulo/alquiler-pantalla-led-logrono,0,31,0%,11.45
https://productoraear.com/articulo/streaming-eventos-hibridos-valencia/,0,31,0%,31.39
https://productoraear.com/articulo/audio-branding-corporativo-almeria/,0,31,0%,57.71
https://productoraear.com/articulo/coches-bodas-lujo-valladolid,0,30,0%,51.63
https://productoraear.com/articulo/fashion-films-lleida/,0,29,0%,36
https://productoraear.com/articulo/alquiler-estructuras-truss-girona/,0,28,0%,1.75
https://productoraear.com/articulo/alquiler-pantalla-led-caceres/,0,28,0%,33.57
https://productoraear.com/articulo/produccion-videoclips-musicales-almeria,0,27,0%,19.96
https://productoraear.com/articulo/produccion-videoclips-musicales-valencia,0,27,0%,43.56
https://productoraear.com/articulo/alquiler-estructuras-truss-madrid,0,27,0%,50.81
https://productoraear.com/articulo/partner-djs-eventos-madrid,0,27,0%,63.85
https://productoraear.com/weddings/dj-boda-premium-castellon,0,25,0%,31.56
https://productoraear.com/articulo/streaming-eventos-hibridos-sevilla/,0,25,0%,33.2
https://productoraear.com/articulo/alquiler-estructuras-truss-barcelona,0,25,0%,54.16
https://productoraear.com/articulo/catering-boda-premium-valladolid,0,24,0%,24.58
https://productoraear.com/articulo/dj-saxo-live-salamanca/,0,24,0%,25.08
https://productoraear.com/articulo/dj-saxo-live-santiago,0,24,0%,53.42
https://productoraear.com/articulo/alquiler-pantalla-led-palencia/,0,24,0%,66.58
https://productoraear.com/articulo/streaming-eventos-hibridos-girona,0,23,0%,13.74
https://productoraear.com/articulo/alquiler-pantalla-led-oviedo/,0,23,0%,24.3
https://productoraear.com/articulo/fashion-films-barcelona/,0,23,0%,24.3
https://productoraear.com/articulo/alquiler-pantalla-led-zamora/,0,22,0%,11.05
https://productoraear.com/articulo/alquiler-pantalla-led-mallorca,0,22,0%,14.05
https://productoraear.com/articulo/alquiler-pantalla-led-marbella/,0,22,0%,21.32
https://productoraear.com/weddings/fincas-bodas-exclusivas-canarias/,0,22,0%,33.09
https://productoraear.com/arsenal/alquiler-pantalla-led-barcelona,0,21,0%,41.33
https://productoraear.com/articulo/alquiler-pantalla-led-palencia,0,21,0%,50.67
https://productoraear.com/articulo/catering-boda-premium-tarragona/,0,21,0%,69.52
https://productoraear.com/arsenal/alquiler-estructuras-truss-alcobendas,0,21,0%,75.81
https://productoraear.com/business,0,20,0%,5.95
https://productoraear.com/articulo/alquiler-pantalla-led-santiago/,0,20,0%,24.8
https://productoraear.com/dossier,0,19,0%,7.74
https://productoraear.com/articulo/mariachis-elite-palencia/,0,19,0%,16.84
https://productoraear.com/weddings/fincas-bodas-exclusivas-a-coruna,0,19,0%,38.58
https://productoraear.com/articulo/alquiler-estructuras-truss-rivas-vaciamadrid/,0,19,0%,44
https://productoraear.com/articulo/dj-boda-premium-malaga/,0,19,0%,67.16
https://productoraear.com/articulo/streaming-eventos-hibridos-zamora,0,18,0%,5.5
https://productoraear.com/articulo/catering-boda-premium-barcelona,0,18,0%,37
https://productoraear.com/articulo/alquiler-pantalla-led-ourense,0,18,0%,37.22
https://productoraear.com/articulo/coches-bodas-lujo-zaragoza,0,18,0%,51.83
https://productoraear.com/articulo/alquiler-estructuras-truss-madrid/,0,17,0%,18.29
https://productoraear.com/articulo/alquiler-sonido-line-array-pamplona/,0,17,0%,21.82
https://productoraear.com/articulo/alquiler-pantalla-led-sevilla/,0,17,0%,31.71
https://productoraear.com/articulo/alquiler-pantalla-led-majadahonda/,0,17,0%,67.41
https://productoraear.com/articulo/alquiler-pantalla-led-girona/,0,16,0%,13.38
https://productoraear.com/articulo/decoracion-floral-premium-valladolid/,0,16,0%,31.25
https://productoraear.com/articulo/produccion-videoclips-musicales-girona/,0,16,0%,60
https://productoraear.com/articulo/aftermovie-eventos-granada/,0,15,0%,6.73
https://productoraear.com/articulo/alquiler-pantalla-led-leon/,0,15,0%,8.07
https://productoraear.com/tools/partner-djs-eventos-alcala-de-henares,0,15,0%,8.53
https://productoraear.com/articulo/dj-saxo-live-avila/,0,15,0%,16
https://productoraear.com/articulo/alquiler-pantalla-led-castellon,0,15,0%,20.53
https://productoraear.com/articulo/alquiler-pantalla-led-granada,0,15,0%,21.33
https://productoraear.com/articulo/dj-boda-premium-logrono,0,15,0%,29.53
https://productoraear.com/articulo/colaboracion-fotografos-mallorca,0,15,0%,34.6
https://productoraear.com/articulo/fincas-bodas-exclusivas-logrono,0,15,0%,41.53
https://productoraear.com/articulo/alquiler-estructuras-truss-alcobendas,0,15,0%,60.6
https://productoraear.com/articulo/catering-boda-premium-pozuelo-de-alarcon/,0,15,0%,63.27
https://productoraear.com/articulo/alquiler-estructuras-truss-sevilla/,0,14,0%,7.79
https://productoraear.com/arsenal/alquiler-pantalla-led-badajoz,0,14,0%,40.5
https://productoraear.com/weddings/coches-bodas-lujo-almeria,0,14,0%,45.21
https://productoraear.com/weddings/dj-boda-premium-a-coruna,0,14,0%,48.86
https://productoraear.com/articulo/alquiler-estructuras-truss-alcobendas/,0,14,0%,61.21
https://productoraear.com/articulo/mariachis-elite-alcorcon/,0,13,0%,8.08
https://productoraear.com/articulo/alquiler-pantalla-led-murcia/,0,13,0%,24.08
https://productoraear.com/articulo/dj-boda-premium-leon/,0,13,0%,34.15
https://productoraear.com/articulo/wedding-planners-pamplona/,0,13,0%,52.08
https://productoraear.com/weddings/fincas-bodas-exclusivas-aranjuez/,0,13,0%,52.92
https://productoraear.com/articulo/alquiler-estructuras-truss-valencia,0,13,0%,76.15
https://productoraear.com/dossier-seo,0,12,0%,3.58
https://productoraear.com/articulo/alquiler-pantalla-led-leon,0,12,0%,8.08
https://productoraear.com/articulo/artistas-indie-pop-granada/,0,12,0%,17.75
https://productoraear.com/weddings/dj-boda-premium-castellon/,0,12,0%,18.25
https://productoraear.com/articulo/artistas-indie-pop-san-sebastian/,0,12,0%,20.25
https://productoraear.com/articulo/alquiler-pantalla-led-salamanca/,0,12,0%,22.67
https://productoraear.com/articulo/dj-saxo-live-palencia/,0,12,0%,33.75
https://productoraear.com/articulo/alquiler-estructuras-truss-rivas-vaciamadrid,0,12,0%,40
https://productoraear.com/articulo/catering-boda-premium-tarragona,0,12,0%,46.33
https://productoraear.com/articulo/catering-boda-premium-boadilla-del-monte,0,12,0%,59.17
https://productoraear.com/articulo/wedding-planners-canarias,0,12,0%,60.42
https://productoraear.com/articulo/wedding-planners-zaragoza/,0,12,0%,71.17
https://productoraear.com/barcelona/iluminacion-espectacular,0,12,0%,73.83
https://productoraear.com/weddings/dj-boda-premium-barcelona,0,12,0%,88.58
https://productoraear.com/articulo/alquiler-estructuras-truss-granada,0,11,0%,1.91
https://productoraear.com/articulo/artistas-indie-pop-granada,0,11,0%,8.45
https://productoraear.com/articulo/artistas-indie-pop-a-coruna,0,11,0%,10.73
https://productoraear.com/articulo/alquiler-pantalla-led-marbella,0,11,0%,11.55
https://productoraear.com/articulo/alquiler-pantalla-led-pontevedra,0,11,0%,12
https://productoraear.com/articulo/mariachis-elite-torrejon-de-ardoz/,0,11,0%,13.82
https://productoraear.com/arsenal/alquiler-estructuras-truss-alicante,0,11,0%,14.55
https://productoraear.com/articulo/fotografos-boda-editorial-madrid/,0,11,0%,15.73
https://productoraear.com/articulo/alquiler-pantalla-led-teruel/,0,11,0%,27.55
https://productoraear.com/articulo/dj-saxo-live-palencia,0,11,0%,28.64
https://productoraear.com/articulo/catering-boda-premium-malaga/,0,11,0%,31.09
https://productoraear.com/articulo/catering-boda-premium-valdemoro/,0,11,0%,35.36
https://productoraear.com/articulo/catering-boda-premium-alcobendas/,0,11,0%,49.45
https://productoraear.com/articulo/alquiler-estructuras-truss-tarragona/,0,11,0%,56.55
https://productoraear.com/articulo/produccion-videoclips-musicales-logrono/,0,11,0%,61.27
https://productoraear.com/articulo/coches-bodas-lujo-mallorca,0,11,0%,63.36
https://productoraear.com/articulo/produccion-videoclips-musicales-barcelona,0,11,0%,68.55
https://productoraear.com/articulo/coches-bodas-lujo-castellon/,0,11,0%,87.55
https://productoraear.com/subasta,0,10,0%,5
https://productoraear.com/articulo/streaming-eventos-hibridos-valdemoro/,0,10,0%,7.9
https://productoraear.com/articulo/artistas-indie-pop-cordoba,0,10,0%,8.8
https://productoraear.com/articulo/fotografos-boda-editorial-barcelona/,0,10,0%,11.3
https://productoraear.com/articulo/audio-branding-corporativo-huesca,0,10,0%,19.5
https://productoraear.com/servicios/iluminacion-espectacular/madrid,0,10,0%,22.2
https://productoraear.com/articulo/aftermovie-eventos-huelva,0,10,0%,26.5
https://productoraear.com/articulo/catering-boda-premium-valladolid/,0,10,0%,30.1
https://productoraear.com/articulo/dj-saxo-live-santiago/,0,10,0%,36.3
https://productoraear.com/articulo/wedding-planners-logrono/,0,10,0%,37.2
https://productoraear.com/articulo/dj-boda-premium-mallorca/,0,10,0%,41.7
https://productoraear.com/articulo/dj-boda-premium-granada/,0,10,0%,51.1
https://productoraear.com/articulo/alquiler-pantalla-led-mostoles,0,10,0%,57.4
https://productoraear.com/articulo/coches-bodas-lujo-granada/,0,10,0%,74.8
https://productoraear.com/articulo/artistas-indie-pop-cadiz/,0,9,0%,6.78
https://productoraear.com/articulo/audio-branding-corporativo-barcelona/,0,9,0%,10.44
https://productoraear.com/articulo/mariachis-elite-teruel/,0,9,0%,11.22
https://productoraear.com/articulo/mariachis-elite-avila/,0,9,0%,16.56
https://productoraear.com/articulo/artistas-indie-pop-valencia/,0,9,0%,21
https://productoraear.com/articulo/dj-saxo-live-ibiza/,0,9,0%,22.56
https://productoraear.com/articulo/produccion-videoclips-musicales-ourense/,0,9,0%,27.67
https://productoraear.com/weddings/fincas-bodas-exclusivas-alcobendas,0,9,0%,35
https://productoraear.com/articulo/alquiler-estructuras-truss-vigo,0,9,0%,41
https://productoraear.com/articulo/dj-saxo-live-barcelona,0,9,0%,43.11
https://productoraear.com/articulo/alquiler-pantalla-led-huelva/,0,9,0%,43.22
https://productoraear.com/articulo/catering-boda-premium-pamplona/,0,9,0%,43.89
https://productoraear.com/articulo/wedding-planners-bilbao,0,9,0%,60.67
https://productoraear.com/articulo/produccion-videoclips-musicales-vigo,0,9,0%,62
https://productoraear.com/articulo/catering-boda-premium-jaen,0,9,0%,65
https://productoraear.com/alava/iluminacion-espectacular,0,9,0%,72.67
https://productoraear.com/articulo/alquiler-estructuras-truss-boadilla-del-monte/,0,9,0%,78
https://productoraear.com/articulo/alquiler-pantalla-led-tarragona,0,9,0%,80
https://productoraear.com/articulo/streaming-eventos-hibridos-teruel/,0,8,0%,3.12
https://productoraear.com/articulo/artistas-indie-pop-malaga/,0,8,0%,5.75
https://productoraear.com/articulo/artistas-indie-pop-valladolid/,0,8,0%,9.12
https://productoraear.com/articulo/produccion-videoclips-musicales-a-coruna/,0,8,0%,10.62
https://productoraear.com/weddings/artistas-indie-pop-alicante,0,8,0%,11
https://productoraear.com/articulo/alquiler-sonido-line-array-valencia/,0,8,0%,11.25
https://productoraear.com/articulo/mariachis-elite-valladolid,0,8,0%,11.75
https://productoraear.com/articulo/fotografos-boda-editorial-parla,0,8,0%,13
https://productoraear.com/articulo/decoracion-floral-premium-bilbao/,0,8,0%,33.25
https://productoraear.com/articulo/alquiler-pantalla-led-oviedo,0,8,0%,33.38
https://productoraear.com/articulo/alquiler-pantalla-led-boadilla-del-monte,0,8,0%,34.25
https://productoraear.com/articulo/alquiler-estructuras-truss-mostoles,0,8,0%,34.62
https://productoraear.com/articulo/fincas-bodas-exclusivas-pamplona/,0,8,0%,37
https://productoraear.com/articulo/streaming-eventos-hibridos-getafe/,0,8,0%,40.62
https://productoraear.com/articulo/catering-boda-premium-mostoles/,0,8,0%,40.75
https://productoraear.com/articulo/decoracion-floral-premium-pamplona/,0,8,0%,41.88
https://productoraear.com/articulo/fincas-bodas-exclusivas-teruel/,0,8,0%,43.38
https://productoraear.com/arsenal/alquiler-pantalla-led-a-coruna,0,8,0%,45.12
https://productoraear.com/articulo/streaming-eventos-hibridos-fuenlabrada/,0,8,0%,46.75
https://productoraear.com/articulo/coches-bodas-lujo-leon/,0,8,0%,49
https://productoraear.com/articulo/coches-bodas-lujo-logrono/,0,8,0%,50.12
https://productoraear.com/articulo/coches-bodas-lujo-valladolid/,0,8,0%,52.5
https://productoraear.com/articulo/catering-boda-premium-alcorcon,0,8,0%,57.62
https://productoraear.com/articulo/wedding-planners-girona/,0,8,0%,63.38
https://productoraear.com/arsenal/alquiler-estructuras-truss-pozuelo-de-alarcon,0,8,0%,63.88
https://productoraear.com/articulo/dj-boda-premium-malaga,0,8,0%,66.25
https://productoraear.com/weddings/decoracion-floral-premium-mallorca,0,8,0%,66.38
https://productoraear.com/articulo/catering-boda-premium-santander/,0,8,0%,71.5
https://productoraear.com/articulo/alquiler-sonido-line-array-badajoz/,0,8,0%,78.25
https://productoraear.com/articulo/partner-fincas-eventos-mallorca,0,8,0%,83.88
https://productoraear.com/articulo/alquiler-pantalla-led-toledo/,0,7,0%,2.57
https://productoraear.com/articulo/streaming-eventos-hibridos-logrono,0,7,0%,2.71
https://productoraear.com/articulo/alquiler-sonido-line-array-burgos/,0,7,0%,3
https://productoraear.com/articulo/artistas-indie-pop-jaen,0,7,0%,3.57
https://productoraear.com/articulo/artistas-indie-pop-sevilla,0,7,0%,5
https://productoraear.com/articulo/alquiler-estructuras-truss-bilbao,0,7,0%,5.57
https://productoraear.com/arsenal-forense,0,7,0%,6.57
https://productoraear.com/articulo/mariachis-elite-huelva/,0,7,0%,9
https://productoraear.com/articulo/coches-bodas-lujo-soria/,0,7,0%,9.29
https://productoraear.com/articulo/streaming-eventos-hibridos-mallorca/,0,7,0%,9.57
https://productoraear.com/soria/produccion-audiovisual,0,7,0%,11.57
https://productoraear.com/articulo/artistas-indie-pop-malaga,0,7,0%,12
https://productoraear.com/articulo/streaming-eventos-hibridos-alicante/,0,7,0%,12
https://productoraear.com/articulo/mariachis-elite-valladolid/,0,7,0%,13.29
https://productoraear.com/articulo/alquiler-pantalla-led-santander,0,7,0%,13.71
https://productoraear.com/articulo/artistas-indie-pop-huelva,0,7,0%,15.57
https://productoraear.com/articulo/mariachis-elite-salamanca,0,7,0%,16.43
https://productoraear.com/articulo/mariachis-elite-lugo/,0,7,0%,17
https://productoraear.com/articulo/produccion-videoclips-musicales-vigo/,0,7,0%,17.14
https://productoraear.com/articulo/alquiler-estructuras-truss-torrejon-de-ardoz/,0,7,0%,19.57
https://productoraear.com/articulo/fashion-films-barcelona,0,7,0%,21.29
https://productoraear.com/articulo/decoracion-floral-premium-granada,0,7,0%,40.14
https://productoraear.com/articulo/dj-boda-premium-toledo/,0,7,0%,42.71
https://productoraear.com/articulo/artistas-indie-pop-castellon/,0,7,0%,44.29
https://productoraear.com/articulo/catering-boda-premium-leganes/,0,7,0%,47.14
https://productoraear.com/articulo/produccion-videoclips-musicales-girona,0,7,0%,47.71
https://productoraear.com/articulo/coches-bodas-lujo-bilbao,0,7,0%,49.29
https://productoraear.com/weddings/dj-boda-premium-cadiz,0,7,0%,51.43
https://productoraear.com/articulo/fincas-bodas-exclusivas-valdemoro,0,7,0%,55.57
https://productoraear.com/weddings/mariachis-elite-burgos,0,7,0%,57.71
https://productoraear.com/articulo/dj-boda-premium-cordoba,0,7,0%,60.57
https://productoraear.com/articulo/wedding-planners-badajoz/,0,7,0%,65.43
https://productoraear.com/articulo/coches-bodas-lujo-canarias,0,7,0%,69.43
https://productoraear.com/articulo/fincas-bodas-exclusivas-jaen,0,7,0%,81
https://productoraear.com/articulo/decoracion-floral-premium-cuenca,0,6,0%,2.5
https://productoraear.com/articulo/mariachis-elite-rivas-vaciamadrid/,0,6,0%,3
https://productoraear.com/articulo/alquiler-pantalla-led-girona,0,6,0%,6
https://productoraear.com/articulo/artistas-indie-pop-la-moraleja,0,6,0%,7.17
https://productoraear.com/articulo/artistas-indie-pop-santiago/,0,6,0%,7.33
https://productoraear.com/production/audio-branding-corporativo-boadilla-del-monte,0,6,0%,8
https://productoraear.com/arsenal/alquiler-sonido-line-array-castellon/,0,6,0%,9.17
https://productoraear.com/articulo/alquiler-sonido-line-array-barcelona,0,6,0%,9.33
https://productoraear.com/articulo/streaming-eventos-hibridos-a-coruna/,0,6,0%,9.5
https://productoraear.com/articulo/alquiler-pantalla-led-ourense/,0,6,0%,9.67
https://productoraear.com/articulo/artistas-indie-pop-albacete,0,6,0%,10.67
https://productoraear.com/articulo/artistas-indie-pop-albacete/,0,6,0%,10.83
https://productoraear.com/articulo/alquiler-pantalla-led-burgos/,0,6,0%,11.67
https://productoraear.com/articulo/alquiler-pantalla-led-pamplona,0,6,0%,11.67
https://productoraear.com/articulo/alquiler-pantalla-led-granada/,0,6,0%,12.17
https://productoraear.com/articulo/streaming-eventos-hibridos-alicante,0,6,0%,13.5
https://productoraear.com/articulo/alquiler-pantalla-led-segovia/,0,6,0%,13.67
https://productoraear.com/articulo/produccion-videoclips-musicales-pozuelo-de-alarcon,0,6,0%,14.33
https://productoraear.com/articulo/fotografos-boda-editorial-parla/,0,6,0%,15.17
https://productoraear.com/production/streaming-eventos-hibridos-toledo,0,6,0%,17
https://productoraear.com/articulo/dj-saxo-live-collado-villalba/,0,6,0%,18.33
https://productoraear.com/articulo/fashion-films-madrid,0,6,0%,20.67
https://productoraear.com/articulo/alquiler-pantalla-led-albacete,0,6,0%,23.83
https://productoraear.com/articulo/alquiler-estructuras-truss-fuenlabrada/,0,6,0%,24.67
https://productoraear.com/servicios/produccion-audiovisual/valladolid,0,6,0%,24.67
https://productoraear.com/articulo/alquiler-pantalla-led-zamora,0,6,0%,25.67
https://productoraear.com/articulo/dj-boda-premium-castellon/,0,6,0%,29.33
https://productoraear.com/articulo/alquiler-pantalla-led-valladolid/,0,6,0%,29.67
https://productoraear.com/articulo/decoracion-floral-premium-granada/,0,6,0%,34.5
https://productoraear.com/articulo/mariachis-elite-mallorca,0,6,0%,36.5
https://productoraear.com/articulo/mariachis-elite-san-sebastian-de-los-reyes/,0,6,0%,37.67
https://productoraear.com/weddings/fincas-bodas-exclusivas-canarias,0,6,0%,39.33
https://productoraear.com/articulo/aftermovie-eventos-a-coruna/,0,6,0%,42.33
https://productoraear.com/weddings/fincas-bodas-exclusivas-alcala-de-henares,0,6,0%,43
https://productoraear.com/articulo/decoracion-floral-premium-murcia,0,6,0%,43.17
https://productoraear.com/production/aftermovie-eventos-santiago,0,6,0%,43.33
https://productoraear.com/articulo/catering-boda-premium-gijon,0,6,0%,44.67
https://productoraear.com/articulo/alquiler-estructuras-truss-fuenlabrada,0,6,0%,45
https://productoraear.com/articulo/catering-boda-premium-malaga,0,6,0%,45.5
https://productoraear.com/articulo/alquiler-iluminacion-robotica-malaga,0,6,0%,45.67
https://productoraear.com/articulo/fotografos-boda-editorial-mostoles,0,6,0%,50.67
https://productoraear.com/articulo/catering-boda-premium-torrejon-de-ardoz/,0,6,0%,55.17
https://productoraear.com/articulo/alquiler-pantalla-led-collado-villalba/,0,6,0%,57.17
https://productoraear.com/articulo/alquiler-sonido-line-array-tarragona/,0,6,0%,57.33
https://productoraear.com/articulo/wedding-planners-toledo/,0,6,0%,57.33
https://productoraear.com/articulo/fashion-films-avila/,0,6,0%,57.5
https://productoraear.com/articulo/produccion-videoclips-musicales-salamanca/,0,6,0%,57.67
https://productoraear.com/articulo/catering-boda-premium-san-sebastian-de-los-reyes,0,6,0%,62.5
https://productoraear.com/articulo/coches-bodas-lujo-zaragoza/,0,6,0%,63.67
https://productoraear.com/articulo/coches-bodas-lujo-cordoba/,0,6,0%,65.67
https://productoraear.com/articulo/dj-boda-premium-santiago,0,6,0%,69.83
https://productoraear.com/articulo/partner-fincas-eventos-madrid,0,6,0%,70.17
https://productoraear.com/articulo/catering-boda-premium-bilbao/,0,6,0%,71
https://productoraear.com/articulo/alquiler-pantalla-led-fuenlabrada,0,6,0%,73.17
https://productoraear.com/articulo/fashion-films-majadahonda,0,6,0%,80.5
https://productoraear.com/articulo/alquiler-sonido-line-array-leganes,0,6,0%,84.33
https://productoraear.com/articulo/alquiler-estructuras-truss-murcia,0,5,0%,4.2
https://productoraear.com/articulo/alquiler-pantalla-led-sotogrande/,0,5,0%,4.6
https://productoraear.com/articulo/artistas-indie-pop-huelva/,0,5,0%,4.8
https://productoraear.com/articulo/alquiler-sonido-line-array-albacete/,0,5,0%,5.4
https://productoraear.com/articulo/artistas-indie-pop-alcobendas/,0,5,0%,5.4
https://productoraear.com/articulo/streaming-eventos-hibridos-murcia,0,5,0%,7
https://productoraear.com/articulo/produccion-videoclips-musicales-mostoles,0,5,0%,8.2
https://productoraear.com/articulo/alquiler-sonido-line-array-cadiz,0,5,0%,8.6
https://productoraear.com/articulo/mariachis-elite-ibiza,0,5,0%,8.6
https://productoraear.com/articulo/mariachis-elite-ibiza/,0,5,0%,9.8
https://productoraear.com/articulo/dj-saxo-live-mostoles,0,5,0%,11.2
https://productoraear.com/articulo/artistas-indie-pop-logrono/,0,5,0%,11.8
https://productoraear.com/arsenal/alquiler-sonido-line-array-aranjuez/,0,5,0%,12.2
https://productoraear.com/articulo/alquiler-pantalla-led-jaen,0,5,0%,12.2
https://productoraear.com/articulo/alquiler-sonido-line-array-logrono/,0,5,0%,12.2
https://productoraear.com/articulo/artistas-indie-pop-san-sebastian-de-los-reyes,0,5,0%,12.6
https://productoraear.com/articulo/artistas-indie-pop-murcia/,0,5,0%,13.2
https://productoraear.com/articulo/dj-saxo-live-toledo/,0,5,0%,14.6
https://productoraear.com/articulo/produccion-videoclips-musicales-majadahonda,0,5,0%,14.6
https://productoraear.com/articulo/produccion-videoclips-musicales-cadiz/,0,5,0%,17.2
https://productoraear.com/articulo/dj-boda-premium-aranjuez/,0,5,0%,17.4
https://productoraear.com/articulo/dj-saxo-live-fuenlabrada/,0,5,0%,18.4
https://productoraear.com/articulo/alquiler-pantalla-led-almeria/,0,5,0%,21.8
https://productoraear.com/articulo/mariachis-elite-girona/,0,5,0%,22.4
https://productoraear.com/articulo/catering-boda-premium-sotogrande/,0,5,0%,22.6
https://productoraear.com/articulo/artistas-indie-pop-avila,0,5,0%,22.8
https://productoraear.com/articulo/mariachis-elite-coslada/,0,5,0%,22.8
https://productoraear.com/articulo/streaming-eventos-hibridos-castellon,0,5,0%,23
https://productoraear.com/articulo/mariachis-elite-avila,0,5,0%,24.6
https://productoraear.com/articulo/alquiler-estructuras-truss-majadahonda/,0,5,0%,25.2
https://productoraear.com/articulo/streaming-eventos-hibridos-sevilla,0,5,0%,25.4
https://productoraear.com/articulo/fincas-bodas-exclusivas-pamplona,0,5,0%,28.2
https://productoraear.com/weddings/catering-boda-premium-alcala-de-henares,0,5,0%,29
https://productoraear.com/articulo/dj-boda-premium-alicante,0,5,0%,31.8
https://productoraear.com/articulo/dj-boda-premium-granada,0,5,0%,31.8
https://productoraear.com/articulo/mariachis-elite-toledo/,0,5,0%,32.2
https://productoraear.com/articulo/alquiler-iluminacion-robotica-mostoles/,0,5,0%,32.4
https://productoraear.com/articulo/dj-boda-premium-castellon,0,5,0%,38.4
https://productoraear.com/articulo/decoracion-floral-premium-murcia/,0,5,0%,40.8
https://productoraear.com/articulo/alquiler-iluminacion-robotica-ourense,0,5,0%,41.6
https://productoraear.com/articulo/aftermovie-eventos-malaga/,0,5,0%,42.8
https://productoraear.com/articulo/alquiler-pantalla-led-pozuelo-de-alarcon/,0,5,0%,44.2
https://productoraear.com/articulo/dj-boda-premium-a-coruna,0,5,0%,45.4
https://productoraear.com/articulo/catering-boda-premium-salamanca/,0,5,0%,45.8
https://productoraear.com/articulo/dj-saxo-live-castellon/,0,5,0%,49.4
https://productoraear.com/articulo/produccion-videoclips-musicales-lleida/,0,5,0%,51
https://productoraear.com/articulo/alquiler-pantalla-led-tarragona/,0,5,0%,52
https://productoraear.com/articulo/dj-saxo-live-zaragoza,0,5,0%,52.4
https://productoraear.com/articulo/catering-boda-premium-pozuelo-de-alarcon,0,5,0%,54.2
https://productoraear.com/articulo/coches-bodas-lujo-tarragona,0,5,0%,59
https://productoraear.com/articulo/wedding-planners-leon/,0,5,0%,60.4
https://productoraear.com/articulo/catering-boda-premium-getafe/,0,5,0%,62.2
https://productoraear.com/articulo/alquiler-estructuras-truss-boadilla-del-monte,0,5,0%,67.8
https://productoraear.com/weddings/decoracion-floral-premium-alcobendas,0,5,0%,70.2
https://productoraear.com/articulo/catering-boda-premium-santander,0,5,0%,73.6
https://productoraear.com/articulo/wedding-planners-guadalajara/,0,5,0%,82
https://productoraear.com/articulo/mariachis-elite-leganes/,0,4,0%,1.5
https://productoraear.com/articulo/mariachis-elite-collado-villalba/,0,4,0%,2
https://productoraear.com/articulo/alquiler-estructuras-truss-girona,0,4,0%,2.5
https://productoraear.com/articulo/fashion-films-parla,0,4,0%,3.75
https://productoraear.com/madrid,0,4,0%,3.75
https://productoraear.com/articulo/mariachis-elite-cuenca,0,4,0%,4.25
https://productoraear.com/articulo/alquiler-pantalla-led-huelva,0,4,0%,5
https://productoraear.com/articulo/audio-branding-corporativo-parla/,0,4,0%,5.25
https://productoraear.com/articulo/alquiler-estructuras-truss-guadalajara/,0,4,0%,5.5
https://productoraear.com/articulo/alquiler-sonido-line-array-cadiz/,0,4,0%,5.5
https://productoraear.com/artistas,0,4,0%,6.5
https://productoraear.com/articulo/dj-saxo-live-boadilla-del-monte/,0,4,0%,7
https://productoraear.com/articulo/aftermovie-eventos-granada,0,4,0%,7.5
https://productoraear.com/articulo/coches-bodas-lujo-collado-villalba,0,4,0%,7.75
https://productoraear.com/articulo/decoracion-floral-premium-cuenca/,0,4,0%,9
https://productoraear.com/articulo/wedding-planners-boadilla-del-monte,0,4,0%,9
https://productoraear.com/articulo/alquiler-pantalla-led-jaen/,0,4,0%,9.25
https://productoraear.com/articulo/alquiler-iluminacion-robotica-bilbao,0,4,0%,9.75
https://productoraear.com/articulo/alquiler-iluminacion-robotica-soria/,0,4,0%,9.75
https://productoraear.com/articulo/alquiler-estructuras-truss-cadiz/,0,4,0%,10
https://productoraear.com/articulo/alquiler-pantalla-led-almeria,0,4,0%,10
https://productoraear.com/articulo/coches-bodas-lujo-logrono,0,4,0%,10.5
https://productoraear.com/articulo/dj-saxo-live-teruel/,0,4,0%,10.75
https://productoraear.com/articulo/mariachis-elite-lleida/,0,4,0%,10.75
https://productoraear.com/articulo/dj-boda-premium-albacete/,0,4,0%,11
https://productoraear.com/weddings/artistas-indie-pop-san-sebastian-de-los-reyes,0,4,0%,11.75
https://productoraear.com/melilla/produccion-audiovisual,0,4,0%,12.25
https://productoraear.com/articulo/alquiler-sonido-line-array-santiago/,0,4,0%,13
https://productoraear.com/articulo/decoracion-floral-premium-castellon/,0,4,0%,13
https://productoraear.com/articulo/fincas-bodas-exclusivas-bilbao,0,4,0%,13
https://productoraear.com/articulo/dj-saxo-live-alicante,0,4,0%,13.25
https://productoraear.com/articulo/fincas-bodas-exclusivas-mostoles/,0,4,0%,14
https://productoraear.com/articulo/dj-saxo-live-leon/,0,4,0%,14.5
https://productoraear.com/articulo/alquiler-pantalla-led-valladolid,0,4,0%,20.5
https://productoraear.com/articulo/mariachis-elite-burgos,0,4,0%,20.5
https://productoraear.com/articulo/fotografos-boda-editorial-san-sebastian,0,4,0%,22.25
https://productoraear.com/articulo/mariachis-elite-segovia/,0,4,0%,22.25
https://productoraear.com/articulo/mariachis-elite-alcobendas/,0,4,0%,22.5
https://productoraear.com/articulo/coches-bodas-lujo-aranjuez,0,4,0%,23
https://productoraear.com/articulo/catering-boda-premium-granada/,0,4,0%,25.5
https://productoraear.com/articulo/fincas-bodas-exclusivas-mostoles,0,4,0%,26.75
https://productoraear.com/articulo/artistas-indie-pop-segovia,0,4,0%,27
https://productoraear.com/articulo/artistas-jazz-soul-avila,0,4,0%,27.25
https://productoraear.com/weddings/artistas-indie-pop-boadilla-del-monte,0,4,0%,28.25
https://productoraear.com/articulo/catering-boda-premium-boadilla-del-monte/,0,4,0%,29.75
https://productoraear.com/articulo/decoracion-floral-premium-santiago,0,4,0%,30
https://productoraear.com/articulo/alquiler-sonido-line-array-torrejon-de-ardoz/,0,4,0%,32.5
https://productoraear.com/articulo/decoracion-floral-premium-mostoles,0,4,0%,32.5
https://productoraear.com/articulo/mariachis-elite-granada/,0,4,0%,32.75
https://productoraear.com/articulo/catering-boda-premium-collado-villalba/,0,4,0%,33.5
https://productoraear.com/articulo/fincas-bodas-exclusivas-alicante/,0,4,0%,36
https://productoraear.com/articulo/artistas-indie-pop-segovia/,0,4,0%,36.5
https://productoraear.com/articulo/fincas-bodas-exclusivas-bilbao/,0,4,0%,37.5
https://productoraear.com/articulo/streaming-eventos-hibridos-majadahonda/,0,4,0%,39
https://productoraear.com/articulo/decoracion-floral-premium-bilbao,0,4,0%,39.25
https://productoraear.com/articulo/fashion-films-san-sebastian-de-los-reyes/,0,4,0%,40
https://productoraear.com/articulo/mariachis-elite-alcobendas,0,4,0%,40.25
https://productoraear.com/articulo/catering-boda-premium-mostoles,0,4,0%,41.25
https://productoraear.com/articulo/catering-boda-premium-la-moraleja,0,4,0%,42
https://productoraear.com/articulo/dj-saxo-live-cadiz/,0,4,0%,42
https://productoraear.com/articulo/alquiler-estructuras-truss-ourense,0,4,0%,42.5
https://productoraear.com/articulo/alquiler-iluminacion-robotica-malaga/,0,4,0%,44.25
https://productoraear.com/articulo/fashion-films-canarias/,0,4,0%,49.5
https://productoraear.com/articulo/fashion-films-valencia/,0,4,0%,49.5
https://productoraear.com/articulo/alquiler-estructuras-truss-leganes,0,4,0%,50.5
https://productoraear.com/articulo/mariachis-elite-coslada,0,4,0%,50.75
https://productoraear.com/articulo/artistas-indie-pop-mallorca,0,4,0%,51
https://productoraear.com/articulo/alquiler-pantalla-led-las-rozas/,0,4,0%,51.75
https://productoraear.com/weddings/catering-boda-premium-alicante,0,4,0%,52.25
https://productoraear.com/articulo/catering-boda-premium-valencia/,0,4,0%,55
https://productoraear.com/articulo/catering-boda-premium-guadalajara,0,4,0%,56.75
https://productoraear.com/articulo/alquiler-sonido-line-array-mallorca,0,4,0%,57
https://productoraear.com/weddings/dj-boda-premium-marbella,0,4,0%,59.75
https://productoraear.com/articulo/catering-boda-premium-coslada/,0,4,0%,62
https://productoraear.com/articulo/dj-boda-premium-valencia,0,4,0%,62.25
https://productoraear.com/articulo/dj-boda-premium-guadalajara,0,4,0%,62.75
https://productoraear.com/articulo/wedding-planners-segovia/,0,4,0%,65
https://productoraear.com/articulo/dj-boda-premium-soria/,0,4,0%,67.25
https://productoraear.com/articulo/catering-boda-premium-torrejon-de-ardoz,0,4,0%,68
https://productoraear.com/articulo/alquiler-estructuras-truss-tarragona,0,4,0%,69.5
https://productoraear.com/articulo/catering-boda-premium-girona/,0,4,0%,76
https://productoraear.com/articulo/wedding-planners-cordoba/,0,4,0%,77
https://productoraear.com/arsenal/alquiler-estructuras-truss-torrejon-de-ardoz,0,4,0%,81
https://productoraear.com/articulo/fashion-films-torrejon-de-ardoz,0,4,0%,81
https://productoraear.com/articulo/alquiler-estructuras-truss-palencia,0,4,0%,86
https://productoraear.com/articulo/coches-bodas-lujo-tarragona/,0,4,0%,86.75
https://productoraear.com/articulo/fincas-bodas-exclusivas-cordoba,0,4,0%,97.5
https://productoraear.com/articulo/artistas-jazz-soul-san-sebastian-de-los-reyes,0,3,0%,1
https://productoraear.com/tools/partner-fincas-eventos-alicante,0,3,0%,1
https://productoraear.com/weddings/dj-saxo-live-albacete,0,3,0%,1
https://productoraear.com/articulo/alquiler-estructuras-truss-huelva/,0,3,0%,1.33
https://productoraear.com/articulo/alquiler-sonido-line-array-bilbao/,0,3,0%,1.67
https://productoraear.com/articulo/alquiler-estructuras-truss-oviedo,0,3,0%,2.33
https://productoraear.com/articulo/alquiler-pantalla-led-a-coruna/,0,3,0%,2.67
https://productoraear.com/articulo/mariachis-elite-mallorca/,0,3,0%,2.67
https://productoraear.com/articulo/mariachis-elite-rivas-vaciamadrid,0,3,0%,2.67
https://productoraear.com/articulo/alquiler-sonido-line-array-segovia/,0,3,0%,3
https://productoraear.com/articulo/artistas-indie-pop-soria/,0,3,0%,3.67
https://productoraear.com/articulo/coches-bodas-lujo-valencia/,0,3,0%,3.67
https://productoraear.com/arsenal/alquiler-sonido-line-array-castellon,0,3,0%,4
https://productoraear.com/directorio,0,3,0%,4
https://productoraear.com/articulo/alquiler-estructuras-truss-bilbao/,0,3,0%,4.33
https://productoraear.com/articulo/streaming-eventos-hibridos-santiago/,0,3,0%,4.33
https://productoraear.com/articulo/alquiler-estructuras-truss-granada/,0,3,0%,4.67
https://productoraear.com/articulo/alquiler-sonido-line-array-cordoba,0,3,0%,5.33
https://productoraear.com/articulo/dj-saxo-live-zaragoza/,0,3,0%,5.33
https://productoraear.com/articulo/streaming-eventos-hibridos-albacete/,0,3,0%,5.33
https://productoraear.com/articulo/alquiler-pantalla-led-torrejon-de-ardoz/,0,3,0%,5.67
https://productoraear.com/articulo/alquiler-sonido-line-array-a-coruna,0,3,0%,5.67
https://productoraear.com/articulo/dj-boda-premium-zaragoza/,0,3,0%,6
https://productoraear.com/articulo/mariachis-elite-getafe/,0,3,0%,6.33
https://productoraear.com/arsenal/alquiler-estructuras-truss-cordoba,0,3,0%,6.67
https://productoraear.com/articulo/artistas-indie-pop-almeria/,0,3,0%,6.67
https://productoraear.com/articulo/alquiler-estructuras-truss-valladolid/,0,3,0%,7
https://productoraear.com/articulo/artistas-indie-pop-alcorcon,0,3,0%,7
https://productoraear.com/articulo/dj-boda-premium-pozuelo-de-alarcon/,0,3,0%,7
https://productoraear.com/login,0,3,0%,7.33
https://productoraear.com/articulo/alquiler-estructuras-truss-lugo,0,3,0%,7.67
https://productoraear.com/articulo/artistas-indie-pop-teruel/,0,3,0%,7.67
https://productoraear.com/articulo/coches-bodas-lujo-caceres,0,3,0%,7.67
https://productoraear.com/articulo/mariachis-elite-valdemoro,0,3,0%,7.67
https://productoraear.com/articulo/streaming-eventos-hibridos-guadalajara,0,3,0%,8
https://productoraear.com/metodologia/,0,3,0%,8
https://productoraear.com/articulo/alquiler-estructuras-truss-malaga,0,3,0%,8.33
https://productoraear.com/articulo/dj-saxo-live-leganes,0,3,0%,8.33
https://productoraear.com/weddings/artistas-indie-pop-almeria,0,3,0%,8.33
https://productoraear.com/articulo/alquiler-iluminacion-robotica-mallorca/,0,3,0%,8.67
https://productoraear.com/arsenal/alquiler-pantalla-led-canarias,0,3,0%,9
https://productoraear.com/articulo/alquiler-iluminacion-robotica-cordoba/,0,3,0%,9.33
https://productoraear.com/weddings/fotografos-boda-editorial-bilbao,0,3,0%,9.33
https://productoraear.com/articulo/artistas-jazz-soul-mallorca/,0,3,0%,9.67
https://productoraear.com/articulo/dj-saxo-live-lugo/,0,3,0%,10
https://productoraear.com/articulo/dj-saxo-live-burgos,0,3,0%,10.33
https://productoraear.com/articulo/mariachis-elite-lleida,0,3,0%,10.33
https://productoraear.com/articulo/mariachis-elite-teruel,0,3,0%,10.33
https://productoraear.com/articulo/audio-branding-corporativo-majadahonda/,0,3,0%,11
https://productoraear.com/articulo/aftermovie-eventos-teruel/,0,3,0%,11.33
https://productoraear.com/articulo/alquiler-pantalla-led-pamplona/,0,3,0%,11.33
https://productoraear.com/articulo/dj-boda-premium-zamora/,0,3,0%,11.67
https://productoraear.com/articulo/fotografos-boda-editorial-toledo,0,3,0%,11.67
https://productoraear.com/articulo/coches-bodas-lujo-mostoles,0,3,0%,12
https://productoraear.com/articulo/dj-saxo-live-leon,0,3,0%,12.33
https://productoraear.com/articulo/fincas-bodas-exclusivas-parla,0,3,0%,12.33
https://productoraear.com/articulo/mariachis-elite-segovia,0,3,0%,12.33
https://productoraear.com/articulo/alquiler-estructuras-truss-san-sebastian-de-los-reyes,0,3,0%,12.67
https://productoraear.com/articulo/alquiler-sonido-line-array-santiago,0,3,0%,13.33
https://productoraear.com/articulo/dj-boda-premium-murcia/,0,3,0%,13.33
https://productoraear.com/articulo/fotografos-boda-editorial-toledo/,0,3,0%,14.67
https://productoraear.com/articulo/streaming-eventos-hibridos-a-coruna,0,3,0%,15.33
https://productoraear.com/articulo/alquiler-estructuras-truss-alcorcon,0,3,0%,19
https://productoraear.com/articulo/wedding-planners-pamplona,0,3,0%,19
https://productoraear.com/articulo/fashion-films-huelva,0,3,0%,19.33
https://productoraear.com/articulo/aftermovie-eventos-palencia/,0,3,0%,20
https://productoraear.com/articulo/artistas-indie-pop-avila/,0,3,0%,21.67
https://productoraear.com/articulo/dj-saxo-live-logrono/,0,3,0%,21.67
https://productoraear.com/articulo/mariachis-elite-huesca/,0,3,0%,21.67
https://productoraear.com/articulo/artistas-indie-pop-girona/,0,3,0%,22.67
https://productoraear.com/arsenal/alquiler-sonido-line-array-avila/,0,3,0%,23
https://productoraear.com/articulo/alquiler-estructuras-truss-las-rozas,0,3,0%,23
https://productoraear.com/articulo/mariachis-elite-las-rozas/,0,3,0%,23
https://productoraear.com/articulo/mariachis-elite-girona,0,3,0%,23.67
https://productoraear.com/articulo/fotografos-boda-editorial-alicante/,0,3,0%,24.67
https://productoraear.com/santa-cruz-de-tenerife/produccion-audiovisual,0,3,0%,24.67
https://productoraear.com/articulo/wedding-planners-mostoles/,0,3,0%,25.33
https://productoraear.com/articulo/alquiler-iluminacion-robotica-canarias,0,3,0%,28
https://productoraear.com/articulo/wedding-planners-leganes/,0,3,0%,28.67
https://productoraear.com/articulo/streaming-eventos-hibridos-tarragona/,0,3,0%,29.33
https://productoraear.com/articulo/dj-boda-premium-ourense/,0,3,0%,30
https://productoraear.com/articulo/fashion-films-rivas-vaciamadrid/,0,3,0%,31.33
https://productoraear.com/articulo/catering-boda-premium-valdemoro,0,3,0%,31.67
https://productoraear.com/articulo/mariachis-elite-jaen/,0,3,0%,32
https://productoraear.com/articulo/catering-boda-premium-sevilla/,0,3,0%,34.33
https://productoraear.com/arsenal/alquiler-pantalla-led-alcobendas,0,3,0%,35
https://productoraear.com/articulo/catering-boda-premium-ourense/,0,3,0%,35
https://productoraear.com/articulo/coches-bodas-lujo-boadilla-del-monte,0,3,0%,36.33
https://productoraear.com/articulo/catering-boda-premium-lleida/,0,3,0%,36.67
https://productoraear.com/articulo/mariachis-elite-badajoz,0,3,0%,37
https://productoraear.com/articulo/alquiler-iluminacion-robotica-alicante/,0,3,0%,38
https://productoraear.com/articulo/alquiler-iluminacion-robotica-coslada/,0,3,0%,39.67
https://productoraear.com/articulo/mariachis-elite-sevilla,0,3,0%,40
https://productoraear.com/articulo/produccion-videoclips-musicales-pontevedra/,0,3,0%,40
https://productoraear.com/articulo/dj-boda-premium-oviedo/,0,3,0%,40.67
https://productoraear.com/articulo/artistas-jazz-soul-guadalajara/,0,3,0%,43
https://productoraear.com/articulo/alquiler-pantalla-led-torrejon-de-ardoz,0,3,0%,46
https://productoraear.com/articulo/artistas-jazz-soul-avila/,0,3,0%,46
https://productoraear.com/production/aftermovie-eventos-ciudad-real,0,3,0%,46.33
https://productoraear.com/articulo/fincas-bodas-exclusivas-huesca/,0,3,0%,48
https://productoraear.com/articulo/produccion-videoclips-musicales-mallorca,0,3,0%,48
https://productoraear.com/articulo/artistas-jazz-soul-segovia,0,3,0%,48.67
https://productoraear.com/articulo/mariachis-elite-cadiz/,0,3,0%,48.67
https://productoraear.com/articulo/produccion-videoclips-musicales-a-coruna,0,3,0%,51.67
https://productoraear.com/articulo/wedding-planners-guadalajara,0,3,0%,51.67
https://productoraear.com/articulo/mariachis-elite-bilbao/,0,3,0%,52
https://productoraear.com/weddings/mariachis-elite-castellon,0,3,0%,52.33
https://productoraear.com/articulo/decoracion-floral-premium-las-rozas,0,3,0%,53.67
https://productoraear.com/articulo/aftermovie-eventos-soria/,0,3,0%,54.67
https://productoraear.com/articulo/dj-saxo-live-san-sebastian-de-los-reyes/,0,3,0%,55.67
https://productoraear.com/articulo/aftermovie-eventos-valencia/,0,3,0%,56.33
https://productoraear.com/articulo/dj-boda-premium-oviedo,0,3,0%,57.67
https://productoraear.com/articulo/wedding-planners-caceres,0,3,0%,58.67
https://productoraear.com/production/aftermovie-eventos-alcobendas,0,3,0%,59
https://productoraear.com/articulo/produccion-videoclips-musicales-alicante/,0,3,0%,60
https://productoraear.com/articulo/colaboracion-fotografos-girona,0,3,0%,60.67
https://productoraear.com/articulo/produccion-videoclips-musicales-san-sebastian/,0,3,0%,61
https://productoraear.com/articulo/fashion-films-torrejon-de-ardoz/,0,3,0%,61.33
https://productoraear.com/articulo/mariachis-elite-mostoles/,0,3,0%,61.33
https://productoraear.com/articulo/fincas-bodas-exclusivas-arganda-del-rey,0,3,0%,64
https://productoraear.com/castellon/iluminacion-espectacular,0,3,0%,66.33
https://productoraear.com/articulo/coches-bodas-lujo-ourense/,0,3,0%,67.67
https://productoraear.com/articulo/coches-bodas-lujo-canarias/,0,3,0%,68
https://productoraear.com/articulo/dj-saxo-live-castellon,0,3,0%,69.33
https://productoraear.com/articulo/alquiler-sonido-line-array-mostoles,0,3,0%,69.67
https://productoraear.com/articulo/produccion-videoclips-musicales-alcobendas/,0,3,0%,70.67
https://productoraear.com/articulo/alquiler-pantalla-led-alcorcon/,0,3,0%,71.33
https://productoraear.com/articulo/decoracion-floral-premium-a-coruna/,0,3,0%,76.33
https://productoraear.com/articulo/artistas-jazz-soul-ourense,0,3,0%,80
https://productoraear.com/articulo/fincas-bodas-exclusivas-salamanca,0,3,0%,80.33
https://productoraear.com/articulo/fotografos-boda-editorial-marbella/,0,3,0%,82
https://productoraear.com/articulo/decoracion-floral-premium-barcelona,0,3,0%,85.67
https://productoraear.com/articulo/catering-boda-premium-ciudad-real/,0,3,0%,87
https://productoraear.com/articulo/coches-bodas-lujo-rivas-vaciamadrid,0,3,0%,92.67
https://productoraear.com/articulo/artistas-jazz-soul-tarragona,0,2,0%,1
https://productoraear.com/articulo/mariachis-elite-ciudad-real,0,2,0%,1
https://productoraear.com/articulo/streaming-eventos-hibridos-soria/,0,2,0%,1
https://productoraear.com/articulo/streaming-eventos-hibridos-vigo,0,2,0%,1
https://productoraear.com/articulo/catering-boda-premium-marbella/,0,2,0%,1.5
https://productoraear.com/articulo/streaming-eventos-hibridos-getafe,0,2,0%,1.5
https://productoraear.com/articulo/streaming-eventos-hibridos-teruel,0,2,0%,1.5
https://productoraear.com/articulo/alquiler-estructuras-truss-murcia/,0,2,0%,2
https://productoraear.com/articulo/alquiler-sonido-line-array-la-moraleja/,0,2,0%,2
https://productoraear.com/articulo/artistas-indie-pop-parla/,0,2,0%,2
https://productoraear.com/articulo/dj-saxo-live-canarias/,0,2,0%,2
https://productoraear.com/articulo/wedding-planners-barcelona,0,2,0%,2.5
https://productoraear.com/articulo/mariachis-elite-santiago,0,2,0%,3
https://productoraear.com/articulo/alquiler-pantalla-led-parla/,0,2,0%,3.5
https://productoraear.com/sevilla,0,2,0%,3.5
https://productoraear.com/articulo/produccion-videoclips-musicales-sevilla/,0,2,0%,4
https://productoraear.com/articulo/alquiler-estructuras-truss-malaga/,0,2,0%,4.5
https://productoraear.com/articulo/alquiler-sonido-line-array-fuenlabrada/,0,2,0%,4.5
https://productoraear.com/articulo/artistas-indie-pop-vigo,0,2,0%,4.5
https://productoraear.com/articulo/mariachis-elite-valdemoro/,0,2,0%,4.5
https://productoraear.com/articulo/alquiler-estructuras-truss-lleida/,0,2,0%,5
https://productoraear.com/articulo/alquiler-pantalla-led-parla,0,2,0%,5
https://productoraear.com/articulo/alquiler-pantalla-led-santander/,0,2,0%,5
https://productoraear.com/articulo/artistas-indie-pop-barcelona,0,2,0%,5
https://productoraear.com/articulo/mariachis-elite-boadilla-del-monte,0,2,0%,5
https://productoraear.com/articulo/streaming-eventos-hibridos-pamplona,0,2,0%,5
https://productoraear.com/articulo/wedding-planners-madrid,0,2,0%,5
https://productoraear.com/articulo/alquiler-iluminacion-robotica-collado-villalba/,0,2,0%,5.5
https://productoraear.com/articulo/produccion-videoclips-musicales-soria/,0,2,0%,5.5
https://productoraear.com/articulo/mariachis-elite-fuenlabrada,0,2,0%,6
https://productoraear.com/articulo/mariachis-elite-pozuelo-de-alarcon/,0,2,0%,6
https://productoraear.com/articulo/streaming-eventos-hibridos-jaen/,0,2,0%,6
https://productoraear.com/production/streaming-eventos-hibridos-badajoz,0,2,0%,6
https://productoraear.com/articulo/alquiler-estructuras-truss-alcala-de-henares,0,2,0%,6.5
https://productoraear.com/articulo/artistas-indie-pop-murcia,0,2,0%,6.5
https://productoraear.com/articulo/audio-branding-corporativo-a-coruna/,0,2,0%,6.5
https://productoraear.com/articulo/decoracion-floral-premium-segovia/,0,2,0%,6.5
https://productoraear.com/articulo/dj-boda-premium-pozuelo-de-alarcon,0,2,0%,6.5
https://productoraear.com/articulo/alquiler-estructuras-truss-lugo/,0,2,0%,7
https://productoraear.com/articulo/alquiler-estructuras-truss-santiago/,0,2,0%,7
https://productoraear.com/articulo/artistas-indie-pop-sevilla/,0,2,0%,7
https://productoraear.com/articulo/artistas-jazz-soul-logrono/,0,2,0%,7
https://productoraear.com/articulo/dj-saxo-live-arganda-del-rey,0,2,0%,7
https://productoraear.com/articulo/dj-saxo-live-ourense,0,2,0%,7
https://productoraear.com/arsenal/alquiler-equipos,0,2,0%,7.5
https://productoraear.com/articulo/aftermovie-eventos-pamplona/,0,2,0%,7.5
https://productoraear.com/articulo/alquiler-iluminacion-robotica-santiago/,0,2,0%,8
https://productoraear.com/articulo/alquiler-pantalla-led-toledo,0,2,0%,8
https://productoraear.com/articulo/dj-saxo-live-cordoba/,0,2,0%,8
https://productoraear.com/articulo/mariachis-elite-getafe,0,2,0%,8
https://productoraear.com/articulo/mariachis-elite-madrid/,0,2,0%,8
https://productoraear.com/weddings/fotografos-boda-editorial-castellon,0,2,0%,8
https://productoraear.com/articulo/catering-boda-premium-santiago,0,2,0%,8.5
https://productoraear.com/articulo/mariachis-elite-ciudad-real/,0,2,0%,8.5
https://productoraear.com/articulo/alquiler-iluminacion-robotica-rivas-vaciamadrid,0,2,0%,9
https://productoraear.com/articulo/alquiler-sonido-line-array-madrid/,0,2,0%,9
https://productoraear.com/articulo/artistas-jazz-soul-mallorca,0,2,0%,9
https://productoraear.com/articulo/dj-saxo-live-rivas-vaciamadrid/,0,2,0%,9
https://productoraear.com/articulo/dj-saxo-live-valencia/,0,2,0%,9
https://productoraear.com/articulo/mariachis-elite-parla/,0,2,0%,9
https://productoraear.com/articulo/mariachis-elite-soria,0,2,0%,9
https://productoraear.com/weddings/wedding-planners-alcala-de-henares,0,2,0%,9
https://productoraear.com/articulo/alquiler-estructuras-truss-alcala-de-henares/,0,2,0%,9.5
https://productoraear.com/articulo/dj-saxo-live-mostoles/,0,2,0%,9.5
https://productoraear.com/articulo/fotografos-boda-editorial-barcelona,0,2,0%,9.5
https://productoraear.com/articulo/mariachis-elite-cordoba/,0,2,0%,9.5
https://productoraear.com/articulo/wedding-planners-cuenca/,0,2,0%,9.5
https://productoraear.com/cantabria/sonorizacion-eventos,0,2,0%,9.5
https://productoraear.com/articulo/dj-boda-premium-logrono/,0,2,0%,10
https://productoraear.com/articulo/fotografos-boda-editorial-huesca,0,2,0%,10
https://productoraear.com/articulo/mariachis-elite-ourense/,0,2,0%,10
https://productoraear.com/servicios/produccion-audiovisual/melilla,0,2,0%,10
https://productoraear.com/articulo/alquiler-estructuras-truss-cordoba,0,2,0%,10.5
https://productoraear.com/articulo/alquiler-sonido-line-array-ourense,0,2,0%,10.5
https://productoraear.com/articulo/alquiler-sonido-line-array-valdemoro/,0,2,0%,10.5
https://productoraear.com/articulo/artistas-jazz-soul-guadalajara,0,2,0%,10.5
https://productoraear.com/articulo/catering-boda-premium-burgos/,0,2,0%,10.5
https://productoraear.com/articulo/dj-saxo-live-collado-villalba,0,2,0%,11
https://productoraear.com/articulo/artistas-indie-pop-soria,0,2,0%,11.5
https://productoraear.com/articulo/produccion-videoclips-musicales-leon,0,2,0%,11.5
https://productoraear.com/articulo/dj-saxo-live-cuenca/,0,2,0%,12
https://productoraear.com/articulo/artistas-indie-pop-ciudad-real/,0,2,0%,12.5
https://productoraear.com/articulo/dj-saxo-live-logrono,0,2,0%,12.5
https://productoraear.com/palencia/produccion-audiovisual,0,2,0%,12.5
https://productoraear.com/articulo/alquiler-sonido-line-array-huelva,0,2,0%,13
https://productoraear.com/articulo/artistas-indie-pop-alcala-de-henares/,0,2,0%,13
https://productoraear.com/arsenal/alquiler-sonido-line-array-ibiza,0,2,0%,13.5
https://productoraear.com/articulo/decoracion-floral-premium-cadiz,0,2,0%,14.5
https://productoraear.com/articulo/audio-branding-corporativo-tarragona/,0,2,0%,15
https://productoraear.com/arsenal/alquiler-estructuras-truss-logrono,0,2,0%,15.5
https://productoraear.com/production/fashion-films-santiago,0,2,0%,16
https://productoraear.com/articulo/dj-boda-premium-ibiza/,0,2,0%,18.5
https://productoraear.com/articulo/dj-saxo-live-valladolid,0,2,0%,20
https://productoraear.com/articulo/fotografos-boda-editorial-sotogrande/,0,2,0%,21
https://productoraear.com/articulo/dj-saxo-live-valladolid/,0,2,0%,21.5
https://productoraear.com/articulo/decoracion-floral-premium-valladolid,0,2,0%,22
https://productoraear.com/articulo/mariachis-elite-huesca,0,2,0%,22
https://productoraear.com/articulo/mariachis-elite-santander/,0,2,0%,22
https://productoraear.com/articulo/wedding-planners-huelva,0,2,0%,22.5
https://productoraear.com/articulo/dj-saxo-live-aranjuez/,0,2,0%,23
https://productoraear.com/production/streaming-eventos-hibridos-toledo/,0,2,0%,24.5
https://productoraear.com/articulo/coches-bodas-lujo-fuenlabrada,0,2,0%,25.5
https://productoraear.com/articulo/aftermovie-eventos-palencia,0,2,0%,27
https://productoraear.com/articulo/alquiler-pantalla-led-salamanca,0,2,0%,27
https://productoraear.com/articulo/fotografos-boda-editorial-santiago,0,2,0%,27
https://productoraear.com/articulo/artistas-indie-pop-madrid/,0,2,0%,29
https://productoraear.com/articulo/alquiler-pantalla-led-pontevedra/,0,2,0%,31
https://productoraear.com/articulo/wedding-planners-santiago,0,2,0%,31.5
https://productoraear.com/servicios/produccion-audiovisual/toledo,0,2,0%,31.5
https://productoraear.com/articulo/alquiler-sonido-line-array-fuenlabrada,0,2,0%,32
https://productoraear.com/articulo/alquiler-estructuras-truss-getafe,0,2,0%,32.5
https://productoraear.com/articulo/alquiler-sonido-line-array-getafe,0,2,0%,32.5
https://productoraear.com/articulo/alquiler-sonido-line-array-alcobendas,0,2,0%,33
https://productoraear.com/articulo/artistas-jazz-soul-girona,0,2,0%,33.5
https://productoraear.com/articulo/streaming-eventos-hibridos-parla,0,2,0%,33.5
https://productoraear.com/articulo/catering-boda-premium-pamplona,0,2,0%,34
https://productoraear.com/articulo/produccion-videoclips-musicales-zaragoza/,0,2,0%,34.5
https://productoraear.com/articulo/fincas-bodas-exclusivas-alcala-de-henares/,0,2,0%,35
https://productoraear.com/arsenal/alquiler-sonido-line-array-aranjuez,0,2,0%,35.5
https://productoraear.com/articulo/artistas-indie-pop-gijon/,0,2,0%,35.5
https://productoraear.com/articulo/catering-boda-premium-murcia/,0,2,0%,37
https://productoraear.com/articulo/fincas-bodas-exclusivas-alcobendas/,0,2,0%,38.5
https://productoraear.com/articulo/fincas-bodas-exclusivas-rivas-vaciamadrid/,0,2,0%,38.5
https://productoraear.com/articulo/aftermovie-eventos-pontevedra/,0,2,0%,39
https://productoraear.com/articulo/mariachis-elite-cadiz,0,2,0%,39
https://productoraear.com/articulo/decoracion-floral-premium-canarias/,0,2,0%,39.5
https://productoraear.com/servicios/sonorizacion-eventos/asturias,0,2,0%,40.5
https://productoraear.com/articulo/fotografos-boda-editorial-valencia/,0,2,0%,41
https://productoraear.com/articulo/catering-boda-premium-jaen/,0,2,0%,42
https://productoraear.com/weddings/artistas-jazz-soul-alicante,0,2,0%,42
https://productoraear.com/articulo/dj-boda-premium-santiago/,0,2,0%,43
https://productoraear.com/articulo/alquiler-iluminacion-robotica-logrono/,0,2,0%,46
https://productoraear.com/articulo/decoracion-floral-premium-guadalajara,0,2,0%,46.5
https://productoraear.com/articulo/audio-branding-corporativo-lugo/,0,2,0%,47.5
https://productoraear.com/articulo/streaming-eventos-hibridos-coslada,0,2,0%,47.5
https://productoraear.com/articulo/artistas-indie-pop-coslada/,0,2,0%,48
https://productoraear.com/articulo/produccion-videoclips-musicales-albacete,0,2,0%,48
https://productoraear.com/articulo/alquiler-estructuras-truss-coslada,0,2,0%,48.5
https://productoraear.com/articulo/alquiler-estructuras-truss-san-sebastian/,0,2,0%,48.5
https://productoraear.com/articulo/produccion-videoclips-musicales-ourense,0,2,0%,48.5
https://productoraear.com/articulo/alquiler-sonido-line-array-rivas-vaciamadrid/,0,2,0%,49
https://productoraear.com/articulo/artistas-indie-pop-san-sebastian,0,2,0%,49
https://productoraear.com/articulo/fotografos-boda-editorial-pamplona/,0,2,0%,49
https://productoraear.com/servicios/produccion-audiovisual/baleares,0,2,0%,49
https://productoraear.com/articulo/decoracion-floral-premium-fuenlabrada,0,2,0%,50
https://productoraear.com/articulo/alquiler-iluminacion-robotica-canarias/,0,2,0%,51
https://productoraear.com/articulo/catering-boda-premium-pontevedra/,0,2,0%,51
https://productoraear.com/articulo/alquiler-estructuras-truss-cadiz,0,2,0%,51.5
https://productoraear.com/articulo/mariachis-elite-leon,0,2,0%,52
https://productoraear.com/articulo/streaming-eventos-hibridos-gijon/,0,2,0%,53
https://productoraear.com/articulo/dj-saxo-live-zamora/,0,2,0%,54
https://productoraear.com/articulo/catering-boda-premium-parla/,0,2,0%,54.5
https://productoraear.com/articulo/fotografos-boda-editorial-tarragona,0,2,0%,56.5
https://productoraear.com/articulo/dj-saxo-live-girona/,0,2,0%,57
https://productoraear.com/articulo/wedding-planners-rivas-vaciamadrid/,0,2,0%,57
https://productoraear.com/articulo/decoracion-floral-premium-sevilla,0,2,0%,60
https://productoraear.com/articulo/audio-branding-corporativo-soria/,0,2,0%,60.5
https://productoraear.com/articulo/dj-saxo-live-fuenlabrada,0,2,0%,60.5
https://productoraear.com/articulo/fincas-bodas-exclusivas-alcorcon/,0,2,0%,60.5
https://productoraear.com/articulo/fincas-bodas-exclusivas-getafe,0,2,0%,61
https://productoraear.com/articulo/alquiler-pantalla-led-alcorcon,0,2,0%,61.5
https://productoraear.com/articulo/audio-branding-corporativo-santiago/,0,2,0%,61.5
https://productoraear.com/articulo/audio-branding-corporativo-girona,0,2,0%,62
https://productoraear.com/articulo/alquiler-iluminacion-robotica-pozuelo-de-alarcon,0,2,0%,63.5
https://productoraear.com/articulo/wedding-planners-pozuelo-de-alarcon,0,2,0%,63.5
https://productoraear.com/articulo/alquiler-iluminacion-robotica-alcobendas/,0,2,0%,67
https://productoraear.com/articulo/alquiler-sonido-line-array-coslada,0,2,0%,67.5
https://productoraear.com/articulo/audio-branding-corporativo-almeria,0,2,0%,67.5
https://productoraear.com/articulo/aftermovie-eventos-canarias/,0,2,0%,70
https://productoraear.com/articulo/aftermovie-eventos-girona/,0,2,0%,70
https://productoraear.com/articulo/catering-boda-premium-alcorcon/,0,2,0%,70.5
https://productoraear.com/articulo/catering-boda-premium-toledo,0,2,0%,71.5
https://productoraear.com/articulo/fotografos-boda-editorial-santander,0,2,0%,71.5
https://productoraear.com/articulo/wedding-planners-ourense,0,2,0%,72.5
https://productoraear.com/articulo/alquiler-sonido-line-array-coslada/,0,2,0%,74
https://productoraear.com/weddings/wedding-planners-alcobendas,0,2,0%,74
https://productoraear.com/articulo/dj-boda-premium-cordoba/,0,2,0%,75
https://productoraear.com/articulo/catering-boda-premium-lleida,0,2,0%,76
https://productoraear.com/articulo/produccion-videoclips-musicales-pontevedra,0,2,0%,79
https://productoraear.com/articulo/dj-saxo-live-girona,0,2,0%,83.5
https://productoraear.com/articulo/fincas-bodas-exclusivas-palencia/,0,2,0%,83.5
https://productoraear.com/articulo/wedding-planners-mallorca,0,2,0%,83.5
https://productoraear.com/articulo/streaming-eventos-hibridos-majadahonda,0,2,0%,84
https://productoraear.com/weddings/fincas-bodas-exclusivas-caceres,0,2,0%,84
https://productoraear.com/articulo/catering-boda-premium-logrono,0,2,0%,84.5
https://productoraear.com/articulo/fincas-bodas-exclusivas-rivas-vaciamadrid,0,2,0%,85
https://productoraear.com/articulo/mariachis-elite-murcia/,0,2,0%,86
https://productoraear.com/articulo/fotografos-boda-editorial-ourense,0,2,0%,86.5
https://productoraear.com/articulo/alquiler-estructuras-truss-huelva,0,2,0%,87
https://productoraear.com/articulo/dj-boda-premium-marbella/,0,2,0%,87
https://productoraear.com/articulo/alquiler-iluminacion-robotica-pontevedra/,0,2,0%,88.5
https://productoraear.com/articulo/catering-boda-premium-alicante,0,2,0%,89
https://productoraear.com/articulo/dj-saxo-live-mallorca/,0,2,0%,90.5
https://productoraear.com/articulo/dj-boda-premium-salamanca,0,2,0%,91
https://productoraear.com/articulo/dj-saxo-live-mallorca,0,2,0%,91
https://productoraear.com/articulo/decoracion-floral-premium-soria,0,2,0%,93
https://productoraear.com/articulo/fashion-films-girona,0,2,0%,95.5
https://productoraear.com/articulo/fincas-bodas-exclusivas-aranjuez/,0,2,0%,95.5
https://productoraear.com/articulo/fincas-bodas-exclusivas-ibiza,0,2,0%,99.5
https://productoraear.com/articulo/dj-saxo-live-pamplona/,0,2,0%,101
https://productoraear.com/arsenal/alquiler-iluminacion-robotica-alcala-de-henares,0,1,0%,1
https://productoraear.com/articulo/aftermovie-eventos-coslada/,0,1,0%,1
https://productoraear.com/articulo/alquiler-estructuras-truss-ibiza,0,1,0%,1
https://productoraear.com/articulo/alquiler-estructuras-truss-la-moraleja/,0,1,0%,1
https://productoraear.com/articulo/alquiler-estructuras-truss-salamanca/,0,1,0%,1
https://productoraear.com/articulo/alquiler-estructuras-truss-segovia,0,1,0%,1
https://productoraear.com/articulo/alquiler-sonido-line-array-castellon/,0,1,0%,1
https://productoraear.com/articulo/alquiler-sonido-line-array-madrid,0,1,0%,1
https://productoraear.com/articulo/alquiler-sonido-line-array-marbella,0,1,0%,1
https://productoraear.com/articulo/alquiler-sonido-line-array-santander,0,1,0%,1
https://productoraear.com/articulo/artistas-indie-pop-bilbao/,0,1,0%,1
https://productoraear.com/articulo/artistas-indie-pop-pozuelo-de-alarcon,0,1,0%,1
https://productoraear.com/articulo/artistas-indie-pop-teruel,0,1,0%,1
https://productoraear.com/articulo/artistas-indie-pop-valencia,0,1,0%,1
https://productoraear.com/articulo/artistas-jazz-soul-alcobendas/,0,1,0%,1
https://productoraear.com/articulo/artistas-jazz-soul-vigo/,0,1,0%,1
https://productoraear.com/articulo/audio-branding-corporativo-albacete/,0,1,0%,1
https://productoraear.com/articulo/audio-branding-corporativo-guadalajara/,0,1,0%,1
https://productoraear.com/articulo/decoracion-floral-premium-torrejon-de-ardoz/,0,1,0%,1
https://productoraear.com/articulo/dj-boda-premium-burgos,0,1,0%,1
https://productoraear.com/articulo/dj-boda-premium-getafe,0,1,0%,1
https://productoraear.com/articulo/dj-saxo-live-las-rozas/,0,1,0%,1
https://productoraear.com/articulo/fotografos-boda-editorial-cordoba,0,1,0%,1
https://productoraear.com/articulo/mariachis-elite-marbella/,0,1,0%,1
https://productoraear.com/articulo/mariachis-elite-mostoles,0,1,0%,1
https://productoraear.com/articulo/mariachis-elite-san-sebastian/,0,1,0%,1
https://productoraear.com/articulo/produccion-videoclips-musicales-castellon,0,1,0%,1
https://productoraear.com/articulo/streaming-eventos-hibridos-collado-villalba/,0,1,0%,1
https://productoraear.com/articulo/streaming-eventos-hibridos-guadalajara/,0,1,0%,1
https://productoraear.com/articulo/streaming-eventos-hibridos-lleida/,0,1,0%,1
https://productoraear.com/cadiz,0,1,0%,1
https://productoraear.com/weddings/artistas-indie-pop-castellon,0,1,0%,1
https://productoraear.com/weddings/catering-boda-premium-barcelona,0,1,0%,1
https://productoraear.com/articulo/alquiler-estructuras-truss-badajoz/,0,1,0%,2
https://productoraear.com/articulo/alquiler-estructuras-truss-la-moraleja,0,1,0%,2
https://productoraear.com/articulo/alquiler-estructuras-truss-pontevedra,0,1,0%,2
https://productoraear.com/articulo/alquiler-iluminacion-robotica-boadilla-del-monte,0,1,0%,2
https://productoraear.com/articulo/alquiler-iluminacion-robotica-sotogrande,0,1,0%,2
https://productoraear.com/articulo/alquiler-sonido-line-array-sevilla/,0,1,0%,2
https://productoraear.com/articulo/alquiler-sonido-line-array-vigo,0,1,0%,2
https://productoraear.com/articulo/alquiler-sonido-line-array-vigo/,0,1,0%,2
https://productoraear.com/articulo/artistas-jazz-soul-oviedo/,0,1,0%,2
https://productoraear.com/articulo/coches-bodas-lujo-jaen,0,1,0%,2
https://productoraear.com/articulo/fotografos-boda-editorial-fuenlabrada/,0,1,0%,2
https://productoraear.com/articulo/fotografos-boda-editorial-san-sebastian-de-los-reyes,0,1,0%,2
https://productoraear.com/articulo/mariachis-elite-madrid,0,1,0%,2
https://productoraear.com/articulo/streaming-eventos-hibridos-ciudad-real/,0,1,0%,2
https://productoraear.com/casos-exito,0,1,0%,2
https://productoraear.com/production/audio-branding-corporativo-bilbao,0,1,0%,2
https://productoraear.com/production/audio-branding-corporativo-caceres,0,1,0%,2
https://productoraear.com/articulo/aftermovie-eventos-segovia/,0,1,0%,3
https://productoraear.com/articulo/alquiler-estructuras-truss-pamplona,0,1,0%,3
https://productoraear.com/articulo/alquiler-iluminacion-robotica-zaragoza,0,1,0%,3
https://productoraear.com/articulo/artistas-jazz-soul-leganes/,0,1,0%,3
https://productoraear.com/articulo/audio-branding-corporativo-cadiz,0,1,0%,3
https://productoraear.com/articulo/audio-branding-corporativo-leon,0,1,0%,3
https://productoraear.com/articulo/catering-boda-premium-zaragoza,0,1,0%,3
https://productoraear.com/articulo/decoracion-floral-premium-getafe,0,1,0%,3
https://productoraear.com/articulo/decoracion-floral-premium-toledo,0,1,0%,3
https://productoraear.com/articulo/dj-boda-premium-valdemoro,0,1,0%,3
https://productoraear.com/articulo/dj-saxo-live-cuenca,0,1,0%,3
https://productoraear.com/articulo/streaming-eventos-hibridos-burgos/,0,1,0%,3
https://productoraear.com/articulo/streaming-eventos-hibridos-zamora/,0,1,0%,3
https://productoraear.com/tools/partner-djs-eventos-burgos,0,1,0%,3
https://productoraear.com/arsenal,0,1,0%,4
https://productoraear.com/articulo/alquiler-estructuras-truss-majadahonda,0,1,0%,4
https://productoraear.com/articulo/alquiler-iluminacion-robotica-castellon/,0,1,0%,4
https://productoraear.com/articulo/alquiler-iluminacion-robotica-cuenca/,0,1,0%,4
https://productoraear.com/articulo/alquiler-iluminacion-robotica-parla,0,1,0%,4
https://productoraear.com/articulo/alquiler-sonido-line-array-valencia,0,1,0%,4
https://productoraear.com/articulo/artistas-indie-pop-huesca/,0,1,0%,4
https://productoraear.com/articulo/artistas-indie-pop-toledo/,0,1,0%,4
https://productoraear.com/articulo/dj-boda-premium-canarias,0,1,0%,4
https://productoraear.com/articulo/dj-saxo-live-san-sebastian-de-los-reyes,0,1,0%,4
https://productoraear.com/articulo/fotografos-boda-editorial-huesca/,0,1,0%,4
https://productoraear.com/articulo/streaming-eventos-hibridos-marbella/,0,1,0%,4
https://productoraear.com/articulo/wedding-planners-la-moraleja/,0,1,0%,4
https://productoraear.com/granada,0,1,0%,4
https://productoraear.com/metodologia,0,1,0%,4
https://productoraear.com/articulo/alquiler-estructuras-truss-marbella,0,1,0%,5
https://productoraear.com/articulo/alquiler-iluminacion-robotica-guadalajara,0,1,0%,5
https://productoraear.com/articulo/alquiler-iluminacion-robotica-murcia/,0,1,0%,5
https://productoraear.com/articulo/alquiler-iluminacion-robotica-sevilla,0,1,0%,5
https://productoraear.com/articulo/alquiler-pantalla-led-getafe,0,1,0%,5
https://productoraear.com/articulo/alquiler-sonido-line-array-boadilla-del-monte/,0,1,0%,5
https://productoraear.com/articulo/alquiler-sonido-line-array-collado-villalba,0,1,0%,5
https://productoraear.com/articulo/alquiler-sonido-line-array-zamora/,0,1,0%,5
https://productoraear.com/articulo/artistas-indie-pop-coslada,0,1,0%,5
https://productoraear.com/articulo/artistas-indie-pop-ibiza/,0,1,0%,5
https://productoraear.com/articulo/artistas-indie-pop-ourense,0,1,0%,5
https://productoraear.com/articulo/artistas-jazz-soul-caceres/,0,1,0%,5
https://productoraear.com/articulo/audio-branding-corporativo-santander,0,1,0%,5
https://productoraear.com/articulo/catering-boda-premium-caceres,0,1,0%,5
https://productoraear.com/articulo/colaboracion-wedding-planners-alcala-de-henares,0,1,0%,5
https://productoraear.com/articulo/decoracion-floral-premium-alcobendas,0,1,0%,5
https://productoraear.com/articulo/decoracion-floral-premium-leganes,0,1,0%,5
https://productoraear.com/articulo/decoracion-floral-premium-marbella/,0,1,0%,5
https://productoraear.com/articulo/mariachis-elite-majadahonda/,0,1,0%,5
https://productoraear.com/articulo/produccion-videoclips-musicales-alcorcon,0,1,0%,5
https://productoraear.com/articulo/produccion-videoclips-musicales-jaen,0,1,0%,5
https://productoraear.com/articulo/wedding-planners-huesca/,0,1,0%,5
https://productoraear.com/production/audio-branding-corporativo-avila,0,1,0%,5
https://productoraear.com/segovia,0,1,0%,5
https://productoraear.com/servicios/innovacion-social/ciudad-real,0,1,0%,5
https://productoraear.com/alicante,0,1,0%,6
https://productoraear.com/arsenal/alquiler-iluminacion-robotica-a-coruna,0,1,0%,6
https://productoraear.com/arsenal/alquiler-sonido-line-array-soria,0,1,0%,6
https://productoraear.com/articulo/alquiler-estructuras-truss-arganda-del-rey/,0,1,0%,6
https://productoraear.com/articulo/alquiler-estructuras-truss-cuenca,0,1,0%,6
https://productoraear.com/articulo/alquiler-estructuras-truss-getafe/,0,1,0%,6
https://productoraear.com/articulo/alquiler-iluminacion-robotica-cadiz,0,1,0%,6
https://productoraear.com/articulo/alquiler-iluminacion-robotica-logrono,0,1,0%,6
https://productoraear.com/articulo/alquiler-iluminacion-robotica-tarragona/,0,1,0%,6
https://productoraear.com/articulo/alquiler-sonido-line-array-aranjuez,0,1,0%,6
https://productoraear.com/articulo/artistas-indie-pop-guadalajara,0,1,0%,6
https://productoraear.com/articulo/artistas-jazz-soul-caceres,0,1,0%,6
https://productoraear.com/articulo/artistas-jazz-soul-zaragoza/,0,1,0%,6
https://productoraear.com/articulo/catering-boda-premium-logrono/,0,1,0%,6
https://productoraear.com/articulo/dj-boda-premium-san-sebastian-de-los-reyes/,0,1,0%,6
https://productoraear.com/articulo/dj-boda-premium-sotogrande,0,1,0%,6
https://productoraear.com/articulo/dj-boda-premium-zaragoza,0,1,0%,6
https://productoraear.com/articulo/dj-saxo-live-huelva/,0,1,0%,6
https://productoraear.com/articulo/dj-saxo-live-ibiza,0,1,0%,6
https://productoraear.com/articulo/dj-saxo-live-teruel,0,1,0%,6
https://productoraear.com/articulo/fashion-films-toledo,0,1,0%,6
https://productoraear.com/articulo/fincas-bodas-exclusivas-segovia/,0,1,0%,6
https://productoraear.com/articulo/mariachis-elite-fuenlabrada/,0,1,0%,6
https://productoraear.com/articulo/mariachis-elite-pozuelo-de-alarcon,0,1,0%,6
https://productoraear.com/articulo/streaming-eventos-hibridos-caceres/,0,1,0%,6
https://productoraear.com/arsenal/alquiler-iluminacion-robotica-leon,0,1,0%,7
https://productoraear.com/arsenal/alquiler-pantalla-led-leon,0,1,0%,7
https://productoraear.com/articulo/alquiler-estructuras-truss-ciudad-real,0,1,0%,7
https://productoraear.com/articulo/alquiler-estructuras-truss-cuenca/,0,1,0%,7
https://productoraear.com/articulo/alquiler-estructuras-truss-santiago,0,1,0%,7
https://productoraear.com/articulo/alquiler-iluminacion-robotica-gijon/,0,1,0%,7
https://productoraear.com/articulo/alquiler-iluminacion-robotica-lleida,0,1,0%,7
https://productoraear.com/articulo/artistas-indie-pop-badajoz/,0,1,0%,7
https://productoraear.com/articulo/artistas-indie-pop-las-rozas/,0,1,0%,7
https://productoraear.com/articulo/artistas-indie-pop-majadahonda,0,1,0%,7
https://productoraear.com/articulo/artistas-indie-pop-salamanca,0,1,0%,7
https://productoraear.com/articulo/decoracion-floral-premium-barcelona/,0,1,0%,7
https://productoraear.com/articulo/dj-boda-premium-salamanca/,0,1,0%,7
https://productoraear.com/articulo/dj-saxo-live-cadiz,0,1,0%,7
https://productoraear.com/articulo/dj-saxo-live-gijon/,0,1,0%,7
https://productoraear.com/articulo/dj-saxo-live-vigo/,0,1,0%,7