"Node","FullName","KB","LastWriteTime"
"D","C:\EAR-OS_Projects\AI_MAX\Lib\site-packages\llama_cpp_python-0.3.20.dist-info\licenses\LICENSE.md","1,04","14/04/2026 14:53:55"
"D","C:\EAR-OS_Projects\AI_MAX\Lib\site-packages\numpy\random\LICENSE.md","3,5","14/04/2026 13:48:26"
"D","C:\EAR-OS_Projects\AI_MAX\Lib\site-packages\numpy-2.4.3.dist-info\licenses\numpy\_core\src\npysort\x86-simd-sort\LICENSE.md","1,51","14/04/2026 13:48:27"
"D","C:\EAR-OS_Projects\AI_MAX\Lib\site-packages\numpy-2.4.3.dist-info\licenses\numpy\fft\pocketfft\LICENSE.md","1,49","14/04/2026 13:48:27"
"D","C:\EAR-OS_Projects\AI_MAX\Lib\site-packages\numpy-2.4.3.dist-info\licenses\numpy\random\src\distributions\LICENSE.md","2,74","14/04/2026 13:48:27"
"D","C:\EAR-OS_Projects\AI_MAX\Lib\site-packages\numpy-2.4.3.dist-info\licenses\numpy\random\src\mt19937\LICENSE.md","2,92","14/04/2026 13:48:27"
"D","C:\EAR-OS_Projects\AI_MAX\Lib\site-packages\numpy-2.4.3.dist-info\licenses\numpy\random\src\pcg64\LICENSE.md","1,15","14/04/2026 13:48:27"
"D","C:\EAR-OS_Projects\AI_MAX\Lib\site-packages\numpy-2.4.3.dist-info\licenses\numpy\random\src\philox\LICENSE.md","1,5","14/04/2026 13:48:27"
"D","C:\EAR-OS_Projects\AI_MAX\Lib\site-packages\numpy-2.4.3.dist-info\licenses\numpy\random\src\sfc64\LICENSE.md","1,22","14/04/2026 13:48:27"
"D","C:\EAR-OS_Projects\AI_MAX\Lib\site-packages\numpy-2.4.3.dist-info\licenses\numpy\random\src\splitmix64\LICENSE.md","0,33","14/04/2026 13:48:27"
"D","C:\EAR-OS_Projects\AI_MAX\Lib\site-packages\numpy-2.4.3.dist-info\licenses\numpy\random\LICENSE.md","3,5","14/04/2026 13:48:27"
"D","C:\EAR-OS_Projects\AI_MAX\Lib\site-packages\torch\utils\model_dump\code.js","19,47","14/04/2026 13:50:21"
"D","C:\EAR-OS_Projects\AI_MAX\Lib\site-packages\torchgen\packaged\autograd\README.md","0,15","14/04/2026 13:50:22"
"D","C:\EAR_OS_V2\.firebase\productora-ear-backend\functions\.next\build\chunks\[root-of-the-server]__0d-m0h0._.js","8,24","29/04/2026 14:19:42"
"D","C:\EAR_OS_V2\.firebase\productora-ear-backend\functions\.next\build\chunks\[root-of-the-server]__0ubbtyl._.js","17,31","29/04/2026 14:19:42"
"D","C:\EAR_OS_V2\.firebase\productora-ear-backend\functions\.next\build\chunks\[turbopack-node]_transforms_postcss_ts_06e.r3r._.js","0,58","29/04/2026 14:19:42"
"D","C:\EAR_OS_V2\.firebase\productora-ear-backend\functions\.next\build\chunks\[turbopack]_runtime.js","32,87","29/04/2026 14:19:42"
"D","C:\EAR_OS_V2\.firebase\productora-ear-backend\functions\.next\build\postcss.js","0,89","29/04/2026 14:19:42"
"D","C:\EAR_OS_V2\.firebase\productora-ear-backend\functions\.next\server\app\_global-error\page_client-reference-manifest.js","5,79","29/04/2026 14:19:51"
"D","C:\EAR_OS_V2\.firebase\productora-ear-backend\functions\.next\server\app\_global-error\page.js","0,58","29/04/2026 14:19:51"
"D","C:\EAR_OS_V2\.firebase\productora-ear-backend\functions\.next\server\app\_not-found\page_client-reference-manifest.js","9,27","29/04/2026 14:19:51"
"D","C:\EAR_OS_V2\.firebase\productora-ear-backend\functions\.next\server\app\_not-found\page.js","0,8","29/04/2026 14:19:51"
"D","C:\EAR_OS_V2\.firebase\productora-ear-backend\functions\.next\server\app\[...slug]\page_client-reference-manifest.js","14,38","29/04/2026 14:19:51"
"D","C:\EAR_OS_V2\.firebase\productora-ear-backend\functions\.next\server\app\[...slug]\page.js","0,93","29/04/2026 14:19:51"
"D","C:\EAR_OS_V2\.firebase\productora-ear-backend\functions\.next\server\app\admin\configurador\page_client-reference-manifest.js","14,55","29/04/2026 14:19:51"
"D","C:\EAR_OS_V2\.firebase\productora-ear-backend\functions\.next\server\app\admin\configurador\page.js","0,96","29/04/2026 14:19:51"
"D","C:\EAR_OS_V2\.firebase\productora-ear-backend\functions\.next\server\app\admin\crm\page_client-reference-manifest.js","14,55","29/04/2026 14:19:51"
"D","C:\EAR_OS_V2\.firebase\productora-ear-backend\functions\.next\server\app\admin\crm\page.js","0,94","29/04/2026 14:19:51"
"D","C:\EAR_OS_V2\.firebase\productora-ear-backend\functions\.next\server\app\admin\crm-vulnerable\page_client-reference-manifest.js","14,59","29/04/2026 14:19:51"
"D","C:\EAR_OS_V2\.firebase\productora-ear-backend\functions\.next\server\app\admin\crm-vulnerable\page.js","0,96","29/04/2026 14:19:51"
"D","C:\EAR_OS_V2\.firebase\productora-ear-backend\functions\.next\server\app\admin\estado\page_client-reference-manifest.js","14,55","29/04/2026 14:19:51"
"D","C:\EAR_OS_V2\.firebase\productora-ear-backend\functions\.next\server\app\admin\estado\page.js","0,95","29/04/2026 14:19:51"
"D","C:\EAR_OS_V2\.firebase\productora-ear-backend\functions\.next\server\app\admin\flota\page_client-reference-manifest.js","14,52","29/04/2026 14:19:51"
"D","C:\EAR_OS_V2\.firebase\productora-ear-backend\functions\.next\server\app\admin\flota\page.js","0,94","29/04/2026 14:19:51"
"D","C:\EAR_OS_V2\.firebase\productora-ear-backend\functions\.next\server\app\admin\oraculo\page_client-reference-manifest.js","14,55","29/04/2026 14:19:51"
"D","C:\EAR_OS_V2\.firebase\productora-ear-backend\functions\.next\server\app\admin\oraculo\page.js","0,95","29/04/2026 14:19:51"
"D","C:\EAR_OS_V2\.firebase\productora-ear-backend\functions\.next\server\app\admin\vimume\page_client-reference-manifest.js","14,52","29/04/2026 14:19:51"
"D","C:\EAR_OS_V2\.firebase\productora-ear-backend\functions\.next\server\app\admin\vimume\page.js","0,95","29/04/2026 14:19:51"
"D","C:\EAR_OS_V2\.firebase\productora-ear-backend\functions\.next\server\app\admin\page_client-reference-manifest.js","14,51","29/04/2026 14:19:51"
"D","C:\EAR_OS_V2\.firebase\productora-ear-backend\functions\.next\server\app\admin\page.js","0,93","29/04/2026 14:19:51"
"D","C:\EAR_OS_V2\.firebase\productora-ear-backend\functions\.next\server\app\api\astra\route_client-reference-manifest.js","0,31","29/04/2026 14:19:51"
"D","C:\EAR_OS_V2\.firebase\productora-ear-backend\functions\.next\server\app\api\astra\route.js","0,42","29/04/2026 14:19:51"
"D","C:\EAR_OS_V2\.firebase\productora-ear-backend\functions\.next\server\app\api\hunter\execute\route_client-reference-manifest.js","0,32","29/04/2026 14:19:51"
"D","C:\EAR_OS_V2\.firebase\productora-ear-backend\functions\.next\server\app\api\hunter\execute\route.js","0,39","29/04/2026 14:19:51"
"D","C:\EAR_OS_V2\.firebase\productora-ear-backend\functions\.next\server\app\api\hunter\ingest\route_client-reference-manifest.js","0,31","29/04/2026 14:19:51"
"D","C:\EAR_OS_V2\.firebase\productora-ear-backend\functions\.next\server\app\api\hunter\phantom\route_client-reference-manifest.js","0,32","29/04/2026 14:19:51"
"D","C:\EAR_OS_V2\.firebase\productora-ear-backend\functions\.next\server\app\api\hunter\phantom\route.js","0,39","29/04/2026 14:19:51"
"D","C:\EAR_OS_V2\.firebase\productora-ear-backend\functions\.next\server\app\api\payments\create-session\route_client-reference-manifest.js","0,32","29/04/2026 14:19:51"
"D","C:\EAR_OS_V2\.firebase\productora-ear-backend\functions\.next\server\app\api\payments\create-session\route.js","0,41","29/04/2026 14:19:51"
"D","C:\EAR_OS_V2\.firebase\productora-ear-backend\functions\.next\server\app\api\payments\liquidate\route_client-reference-manifest.js","0,32","29/04/2026 14:19:51"
"D","C:\EAR_OS_V2\.firebase\productora-ear-backend\functions\.next\server\app\api\payments\webhook\route_client-reference-manifest.js","0,32","29/04/2026 14:19:51"
"D","C:\EAR_OS_V2\.firebase\productora-ear-backend\functions\.next\server\app\api\payments\webhook\route.js","0,48","29/04/2026 14:19:51"
"D","C:\EAR_OS_V2\.firebase\productora-ear-backend\functions\.next\server\app\api\rag\query\route_client-reference-manifest.js","0,31","29/04/2026 14:19:51"
"D","C:\EAR_OS_V2\.firebase\productora-ear-backend\functions\.next\server\app\api\test-telegram\route_client-reference-manifest.js","0,31","29/04/2026 14:19:51"
"D","C:\EAR_OS_V2\.firebase\productora-ear-backend\functions\.next\server\app\api\test-telegram\route.js","0,39","29/04/2026 14:19:51"
"D","C:\EAR_OS_V2\.firebase\productora-ear-backend\functions\.next\server\app\api\tripwire\route_client-reference-manifest.js","0,31","29/04/2026 14:19:51"
"D","C:\EAR_OS_V2\.firebase\productora-ear-backend\functions\.next\server\app\api\tripwire\route.js","0,38","29/04/2026 14:19:51"
"D","C:\EAR_OS_V2\.firebase\productora-ear-backend\functions\.next\server\app\api\vampire\transmute\route_client-reference-manifest.js","0,32","29/04/2026 14:19:51"
"D","C:\EAR_OS_V2\.firebase\productora-ear-backend\functions\.next\server\app\api\vampire\transmute\route.js","0,43","29/04/2026 14:19:51"
"D","C:\EAR_OS_V2\.firebase\productora-ear-backend\functions\.next\server\app\api\vimume\atoms\route_client-reference-manifest.js","0,31","29/04/2026 14:19:51"
"D","C:\EAR_OS_V2\.firebase\productora-ear-backend\functions\.next\server\app\api\vimume\atoms\route.js","0,39","29/04/2026 14:19:51"
"D","C:\EAR_OS_V2\.firebase\productora-ear-backend\functions\.next\server\app\api\vimume\projects\route_client-reference-manifest.js","0,32","29/04/2026 14:19:51"
"D","C:\EAR_OS_V2\.firebase\productora-ear-backend\functions\.next\server\app\api\vimume\projects\route.js","0,39","29/04/2026 14:19:51"
"D","C:\EAR_OS_V2\.firebase\productora-ear-backend\functions\.next\server\app\api\vimume\sessions\route_client-reference-manifest.js","0,32","29/04/2026 14:19:51"
"D","C:\EAR_OS_V2\.firebase\productora-ear-backend\functions\.next\server\app\api\vimume\sessions\route.js","0,39","29/04/2026 14:19:51"
"D","C:\EAR_OS_V2\.firebase\productora-ear-backend\functions\.next\server\app\centro-mando\page_client-reference-manifest.js","10,79","29/04/2026 14:19:51"
"D","C:\EAR_OS_V2\.firebase\productora-ear-backend\functions\.next\server\app\centro-mando\page.js","0,9","29/04/2026 14:19:51"
"D","C:\EAR_OS_V2\.firebase\productora-ear-backend\functions\.next\server\app\dashboard\page_client-reference-manifest.js","10,89","29/04/2026 14:19:51"
"D","C:\EAR_OS_V2\.firebase\productora-ear-backend\functions\.next\server\app\dashboard\page.js","0,9","29/04/2026 14:19:51"
"D","C:\EAR_OS_V2\.firebase\productora-ear-backend\functions\.next\server\app\login\page_client-reference-manifest.js","10,69","29/04/2026 14:19:51"
"D","C:\EAR_OS_V2\.firebase\productora-ear-backend\functions\.next\server\app\login\page.js","0,89","29/04/2026 14:19:51"
"D","C:\EAR_OS_V2\.firebase\productora-ear-backend\functions\.next\server\app\robots.txt\route_client-reference-manifest.js","0,31","29/04/2026 14:19:51"
"D","C:\EAR_OS_V2\.firebase\productora-ear-backend\functions\.next\server\app\robots.txt\route.js","0,37","29/04/2026 14:19:51"
"D","C:\EAR_OS_V2\.firebase\productora-ear-backend\functions\.next\server\app\sitemap.xml\route_client-reference-manifest.js","0,31","29/04/2026 14:19:51"
"D","C:\EAR_OS_V2\.firebase\productora-ear-backend\functions\.next\server\app\sitemap.xml\route.js","0,37","29/04/2026 14:19:51"
"D","C:\EAR_OS_V2\.firebase\productora-ear-backend\functions\.next\server\app\page_client-reference-manifest.js","10,78","29/04/2026 14:19:51"
"D","C:\EAR_OS_V2\.firebase\productora-ear-backend\functions\.next\server\app\page.js","0,87","29/04/2026 14:19:51"
"D","C:\EAR_OS_V2\.firebase\productora-ear-backend\functions\.next\server\chunks\ssr\_0_mcnp7._.js","760,25","29/04/2026 14:19:51"
"D","C:\EAR_OS_V2\.firebase\productora-ear-backend\functions\.next\server\chunks\ssr\_0-u-2xl._.js","185,16","29/04/2026 14:19:51"
"D","C:\EAR_OS_V2\.firebase\productora-ear-backend\functions\.next\server\chunks\ssr\_08v7i~g._.js","4,54","29/04/2026 14:19:51"
"D","C:\EAR_OS_V2\.firebase\productora-ear-backend\functions\.next\server\chunks\ssr\_08w9rl0._.js","185,16","29/04/2026 14:19:51"
"D","C:\EAR_OS_V2\.firebase\productora-ear-backend\functions\.next\server\chunks\ssr\_0a3fux5._.js","0,94","29/04/2026 14:19:51"
"D","C:\EAR_OS_V2\.firebase\productora-ear-backend\functions\.next\server\chunks\ssr\_0c4370b._.js","24,1","29/04/2026 14:19:51"
"D","C:\EAR_OS_V2\.firebase\productora-ear-backend\functions\.next\server\chunks\ssr\_0d_i4po._.js","13,99","29/04/2026 14:19:51"
"D","C:\EAR_OS_V2\.firebase\productora-ear-backend\functions\.next\server\chunks\ssr\_0ht6p~l._.js","14,51","29/04/2026 14:19:51"
"D","C:\EAR_OS_V2\.firebase\productora-ear-backend\functions\.next\server\chunks\ssr\_0j9sl34._.js","14,81","29/04/2026 14:19:51"
"D","C:\EAR_OS_V2\.firebase\productora-ear-backend\functions\.next\server\chunks\ssr\_0m8qn_x._.js","20,27","29/04/2026 14:19:51"
"D","C:\EAR_OS_V2\.firebase\productora-ear-backend\functions\.next\server\chunks\ssr\_0nolxj2._.js","11,19","29/04/2026 14:19:51"
"D","C:\EAR_OS_V2\.firebase\productora-ear-backend\functions\.next\server\chunks\ssr\_0pv1rx.._.js","17,3","29/04/2026 14:19:51"
"D","C:\EAR_OS_V2\.firebase\productora-ear-backend\functions\.next\server\chunks\ssr\_0tnq4sm._.js","6,96","29/04/2026 14:19:51"
"D","C:\EAR_OS_V2\.firebase\productora-ear-backend\functions\.next\server\chunks\ssr\_0u.vk2l._.js","17,62","29/04/2026 14:19:51"
"D","C:\EAR_OS_V2\.firebase\productora-ear-backend\functions\.next\server\chunks\ssr\_13abru4._.js","14,12","29/04/2026 14:19:51"
"D","C:\EAR_OS_V2\.firebase\productora-ear-backend\functions\.next\server\chunks\ssr\_next-internal_server_app__global-error_page_actions_0k77kol.js","0,12","29/04/2026 14:19:51"
"D","C:\EAR_OS_V2\.firebase\productora-ear-backend\functions\.next\server\chunks\ssr\_next-internal_server_app__not-found_page_actions_0eq97pa.js","0,12","29/04/2026 14:19:51"
"D","C:\EAR_OS_V2\.firebase\productora-ear-backend\functions\.next\server\chunks\ssr\_next-internal_server_app_[___slug]_page_actions_08-lz2w.js","0,12","29/04/2026 14:19:51"
"D","C:\EAR_OS_V2\.firebase\productora-ear-backend\functions\.next\server\chunks\ssr\_next-internal_server_app_admin_configurador_page_actions_0tolelz.js","0,13","29/04/2026 14:19:51"
"D","C:\EAR_OS_V2\.firebase\productora-ear-backend\functions\.next\server\chunks\ssr\_next-internal_server_app_admin_crm_page_actions_0xso53j.js","0,12","29/04/2026 14:19:51"
"D","C:\EAR_OS_V2\.firebase\productora-ear-backend\functions\.next\server\chunks\ssr\_next-internal_server_app_admin_crm-vulnerable_page_actions_05-bx1p.js","0,13","29/04/2026 14:19:51"
"D","C:\EAR_OS_V2\.firebase\productora-ear-backend\functions\.next\server\chunks\ssr\_next-internal_server_app_admin_estado_page_actions_05xhj_e.js","0,12","29/04/2026 14:19:51"
"D","C:\EAR_OS_V2\.firebase\productora-ear-backend\functions\.next\server\chunks\ssr\_next-internal_server_app_admin_flota_page_actions_0v4833j.js","0,12","29/04/2026 14:19:51"
"D","C:\EAR_OS_V2\.firebase\productora-ear-backend\functions\.next\server\chunks\ssr\_next-internal_server_app_admin_oraculo_page_actions_0e~zw6~.js","0,12","29/04/2026 14:19:51"
"D","C:\EAR_OS_V2\.firebase\productora-ear-backend\functions\.next\server\chunks\ssr\_next-internal_server_app_admin_page_actions_0ycnu8f.js","0,11","29/04/2026 14:19:51"
"D","C:\EAR_OS_V2\.firebase\productora-ear-backend\functions\.next\server\chunks\ssr\_next-internal_server_app_admin_vimume_page_actions_0jz4fws.js","0,12","29/04/2026 14:19:51"
"D","C:\EAR_OS_V2\.firebase\productora-ear-backend\functions\.next\server\chunks\ssr\_next-internal_server_app_centro-mando_page_actions_0rzd6pr.js","0,12","29/04/2026 14:19:51"
"D","C:\EAR_OS_V2\.firebase\productora-ear-backend\functions\.next\server\chunks\ssr\_next-internal_server_app_dashboard_page_actions_0lwvh3z.js","0,12","29/04/2026 14:19:51"
"D","C:\EAR_OS_V2\.firebase\productora-ear-backend\functions\.next\server\chunks\ssr\_next-internal_server_app_login_page_actions_02kefem.js","0,11","29/04/2026 14:19:51"
"D","C:\EAR_OS_V2\.firebase\productora-ear-backend\functions\.next\server\chunks\ssr\_next-internal_server_app_page_actions_09-gtaw.js","0,11","29/04/2026 14:19:51"
"D","C:\EAR_OS_V2\.firebase\productora-ear-backend\functions\.next\server\chunks\ssr\[root-of-the-server]__0_ha4k9._.js","1,18","29/04/2026 14:19:51"
"D","C:\EAR_OS_V2\.firebase\productora-ear-backend\functions\.next\server\chunks\ssr\[root-of-the-server]__0.zquoa._.js","1,51","29/04/2026 14:19:51"
"D","C:\EAR_OS_V2\.firebase\productora-ear-backend\functions\.next\server\chunks\ssr\[root-of-the-server]__0~oj94g._.js","2,89","29/04/2026 14:19:51"
"D","C:\EAR_OS_V2\.firebase\productora-ear-backend\functions\.next\server\chunks\ssr\[root-of-the-server]__01dqyhh._.js","2,05","29/04/2026 14:19:51"
"D","C:\EAR_OS_V2\.firebase\productora-ear-backend\functions\.next\server\chunks\ssr\[root-of-the-server]__034l66c._.js","3,16","29/04/2026 14:19:51"
"D","C:\EAR_OS_V2\.firebase\productora-ear-backend\functions\.next\server\chunks\ssr\[root-of-the-server]__04zv33u._.js","2,28","29/04/2026 14:19:51"
"D","C:\EAR_OS_V2\.firebase\productora-ear-backend\functions\.next\server\chunks\ssr\[root-of-the-server]__09p9au9._.js","2,11","29/04/2026 14:19:51"
"D","C:\EAR_OS_V2\.firebase\productora-ear-backend\functions\.next\server\chunks\ssr\[root-of-the-server]__0d62-_e._.js","2,08","29/04/2026 14:19:51"
"D","C:\EAR_OS_V2\.firebase\productora-ear-backend\functions\.next\server\chunks\ssr\[root-of-the-server]__0e3-6h-._.js","2,1","29/04/2026 14:19:51"
"D","C:\EAR_OS_V2\.firebase\productora-ear-backend\functions\.next\server\chunks\ssr\[root-of-the-server]__0he38l.._.js","10,72","29/04/2026 14:19:51"
"D","C:\EAR_OS_V2\.firebase\productora-ear-backend\functions\.next\server\chunks\ssr\[root-of-the-server]__0j_qawh._.js","2,1","29/04/2026 14:19:51"
"D","C:\EAR_OS_V2\.firebase\productora-ear-backend\functions\.next\server\chunks\ssr\[root-of-the-server]__0knlsjq._.js","2,13","29/04/2026 14:19:51"
"D","C:\EAR_OS_V2\.firebase\productora-ear-backend\functions\.next\server\chunks\ssr\[root-of-the-server]__0rpzx_v._.js","6,85","29/04/2026 14:19:51"
"D","C:\EAR_OS_V2\.firebase\productora-ear-backend\functions\.next\server\chunks\ssr\[root-of-the-server]__0w0cew9._.js","2,07","29/04/2026 14:19:51"
"D","C:\EAR_OS_V2\.firebase\productora-ear-backend\functions\.next\server\chunks\ssr\[root-of-the-server]__0z7393-._.js","2,09","29/04/2026 14:19:51"
"D","C:\EAR_OS_V2\.firebase\productora-ear-backend\functions\.next\server\chunks\ssr\[root-of-the-server]__0zrdv8j._.js","2,1","29/04/2026 14:19:51"
"D","C:\EAR_OS_V2\.firebase\productora-ear-backend\functions\.next\server\chunks\ssr\[root-of-the-server]__0zwg.-k._.js","2,13","29/04/2026 14:19:51"
"D","C:\EAR_OS_V2\.firebase\productora-ear-backend\functions\.next\server\chunks\ssr\[root-of-the-server]__10xgshr._.js","6","29/04/2026 14:19:51"
"D","C:\EAR_OS_V2\.firebase\productora-ear-backend\functions\.next\server\chunks\ssr\[root-of-the-server]__13bdqy4._.js","7,47","29/04/2026 14:19:51"
"D","C:\EAR_OS_V2\.firebase\productora-ear-backend\functions\.next\server\chunks\ssr\[turbopack]_runtime.js","33,43","29/04/2026 14:19:51"
"D","C:\EAR_OS_V2\.firebase\productora-ear-backend\functions\.next\server\chunks\ssr\src_031faf.._.js","5,85","29/04/2026 14:19:51"
"D","C:\EAR_OS_V2\.firebase\productora-ear-backend\functions\.next\server\chunks\ssr\src_0lp8mcq._.js","4,49","29/04/2026 14:19:51"
"D","C:\EAR_OS_V2\.firebase\productora-ear-backend\functions\.next\server\chunks\ssr\src_app_admin_estado_page_tsx_080rzk-._.js","0,26","29/04/2026 14:19:51"
"D","C:\EAR_OS_V2\.firebase\productora-ear-backend\functions\.next\server\chunks\ssr\src_app_admin_oraculo_page_tsx_0brtx9b._.js","0,68","29/04/2026 14:19:51"
"D","C:\EAR_OS_V2\.firebase\productora-ear-backend\functions\.next\server\chunks\ssr\src_app_admin_page_tsx_0h9jaza._.js","4,92","29/04/2026 14:19:51"
"D","C:\EAR_OS_V2\.firebase\productora-ear-backend\functions\.next\server\chunks\ssr\src_app_dashboard_page_tsx_04esg22._.js","25,69","29/04/2026 14:19:51"
"D","C:\EAR_OS_V2\.firebase\productora-ear-backend\functions\.next\server\chunks\ssr\src_app_page_tsx_0ss2.w7._.js","36,92","29/04/2026 14:19:51"
"D","C:\EAR_OS_V2\.firebase\productora-ear-backend\functions\.next\server\chunks\ssr\src_components_SClassScreens_ApexButton_tsx_0tleg48._.js","20,03","29/04/2026 14:19:51"
"D","C:\EAR_OS_V2\.firebase\productora-ear-backend\functions\.next\server\chunks\_0~peldc._.js","754,29","29/04/2026 14:19:51"
"D","C:\EAR_OS_V2\.firebase\productora-ear-backend\functions\.next\server\chunks\_next-internal_server_app_api_astra_route_actions_0~rxdl6.js","0,12","29/04/2026 14:19:51"
"D","C:\EAR_OS_V2\.firebase\productora-ear-backend\functions\.next\server\chunks\_next-internal_server_app_api_hunter_execute_route_actions_0~qbuk4.js","0,13","29/04/2026 14:19:51"
"D","C:\EAR_OS_V2\.firebase\productora-ear-backend\functions\.next\server\chunks\_next-internal_server_app_api_hunter_phantom_route_actions_027nw4u.js","0,13","29/04/2026 14:19:51"
"D","C:\EAR_OS_V2\.firebase\productora-ear-backend\functions\.next\server\chunks\_next-internal_server_app_api_payments_create-session_route_actions_0ldmevb.js","0,14","29/04/2026 14:19:51"
"D","C:\EAR_OS_V2\.firebase\productora-ear-backend\functions\.next\server\chunks\_next-internal_server_app_api_payments_webhook_route_actions_0yb-eny.js","0,13","29/04/2026 14:19:51"
"D","C:\EAR_OS_V2\.firebase\productora-ear-backend\functions\.next\server\chunks\_next-internal_server_app_api_test-telegram_route_actions_13md3ay.js","0,13","29/04/2026 14:19:51"
"D","C:\EAR_OS_V2\.firebase\productora-ear-backend\functions\.next\server\chunks\_next-internal_server_app_api_tripwire_route_actions_0l47j1d.js","0,12","29/04/2026 14:19:51"
"D","C:\EAR_OS_V2\.firebase\productora-ear-backend\functions\.next\server\chunks\_next-internal_server_app_api_vampire_transmute_route_actions_02tqkal.js","0,13","29/04/2026 14:19:51"
"D","C:\EAR_OS_V2\.firebase\productora-ear-backend\functions\.next\server\chunks\_next-internal_server_app_api_vimume_atoms_route_actions_04~f3~q.js","0,12","29/04/2026 14:19:51"
"D","C:\EAR_OS_V2\.firebase\productora-ear-backend\functions\.next\server\chunks\_next-internal_server_app_api_vimume_projects_route_actions_0apmf.7.js","0,13","29/04/2026 14:19:51"
"D","C:\EAR_OS_V2\.firebase\productora-ear-backend\functions\.next\server\chunks\_next-internal_server_app_api_vimume_sessions_route_actions_0iuyngw.js","0,13","29/04/2026 14:19:51"
"D","C:\EAR_OS_V2\.firebase\productora-ear-backend\functions\.next\server\chunks\_next-internal_server_app_robots_txt_route_actions_0o-41u5.js","0,12","29/04/2026 14:19:51"
"D","C:\EAR_OS_V2\.firebase\productora-ear-backend\functions\.next\server\chunks\_next-internal_server_app_sitemap_xml_route_actions_036gxb_.js","0,12","29/04/2026 14:19:51"
"D","C:\EAR_OS_V2\.firebase\productora-ear-backend\functions\.next\server\chunks\[externals]_next_dist_0arv.vj._.js","1,03","29/04/2026 14:19:51"
"D","C:\EAR_OS_V2\.firebase\productora-ear-backend\functions\.next\server\chunks\[root-of-the-server]__0~6v3et._.js","7,74","29/04/2026 14:19:51"
"D","C:\EAR_OS_V2\.firebase\productora-ear-backend\functions\.next\server\chunks\[root-of-the-server]__006bx2g._.js","8,19","29/04/2026 14:19:51"
"D","C:\EAR_OS_V2\.firebase\productora-ear-backend\functions\.next\server\chunks\[root-of-the-server]__03-sikm._.js","9,04","29/04/2026 14:19:51"
"D","C:\EAR_OS_V2\.firebase\productora-ear-backend\functions\.next\server\chunks\[root-of-the-server]__0a3jsby._.js","7,88","29/04/2026 14:19:51"
"D","C:\EAR_OS_V2\.firebase\productora-ear-backend\functions\.next\server\chunks\[root-of-the-server]__0b83-sz._.js","7,94","29/04/2026 14:19:51"
"D","C:\EAR_OS_V2\.firebase\productora-ear-backend\functions\.next\server\chunks\[root-of-the-server]__0eyk02h._.js","193,79","29/04/2026 14:19:51"
"D","C:\EAR_OS_V2\.firebase\productora-ear-backend\functions\.next\server\chunks\[root-of-the-server]__0ie0meg._.js","10,75","29/04/2026 14:19:51"
"D","C:\EAR_OS_V2\.firebase\productora-ear-backend\functions\.next\server\chunks\[root-of-the-server]__0ki_6fp._.js","2,02","29/04/2026 14:19:51"
"D","C:\EAR_OS_V2\.firebase\productora-ear-backend\functions\.next\server\chunks\[root-of-the-server]__0ktccwz._.js","1101,45","29/04/2026 14:19:51"
"D","C:\EAR_OS_V2\.firebase\productora-ear-backend\functions\.next\server\chunks\[root-of-the-server]__0m_xa3k._.js","8,06","29/04/2026 14:19:51"
"D","C:\EAR_OS_V2\.firebase\productora-ear-backend\functions\.next\server\chunks\[root-of-the-server]__0o_xdiu._.js","11,47","29/04/2026 14:19:51"
"D","C:\EAR_OS_V2\.firebase\productora-ear-backend\functions\.next\server\chunks\[root-of-the-server]__0o6pogk._.js","8,23","29/04/2026 14:19:51"
"D","C:\EAR_OS_V2\.firebase\productora-ear-backend\functions\.next\server\chunks\[root-of-the-server]__0op9af~._.js","75,9","29/04/2026 14:19:51"
"D","C:\EAR_OS_V2\.firebase\productora-ear-backend\functions\.next\server\chunks\[root-of-the-server]__0qnp6j3._.js","8,55","29/04/2026 14:19:51"
"D","C:\EAR_OS_V2\.firebase\productora-ear-backend\functions\.next\server\chunks\[root-of-the-server]__0ugi~cl._.js","14,29","29/04/2026 14:19:51"
"D","C:\EAR_OS_V2\.firebase\productora-ear-backend\functions\.next\server\chunks\[root-of-the-server]__0xoprjj._.js","7,63","29/04/2026 14:19:51"
"D","C:\EAR_OS_V2\.firebase\productora-ear-backend\functions\.next\server\chunks\[turbopack]_runtime.js","33,42","29/04/2026 14:19:51"
"D","C:\EAR_OS_V2\.firebase\productora-ear-backend\functions\.next\server\edge\chunks\_next-internal_server_app_api_hunter_ingest_route_actions_10dez0y.js","0,24","29/04/2026 14:19:51"
"D","C:\EAR_OS_V2\.firebase\productora-ear-backend\functions\.next\server\edge\chunks\_next-internal_server_app_api_payments_liquidate_route_actions_0~~srji.js","0,25","29/04/2026 14:19:51"
"D","C:\EAR_OS_V2\.firebase\productora-ear-backend\functions\.next\server\edge\chunks\_next-internal_server_app_api_rag_query_route_actions_0btqnn4.js","0,24","29/04/2026 14:19:51"
"D","C:\EAR_OS_V2\.firebase\productora-ear-backend\functions\.next\server\edge\chunks\[root-of-the-server]__05me0p3._.js","10,28","29/04/2026 14:19:51"
"D","C:\EAR_OS_V2\.firebase\productora-ear-backend\functions\.next\server\edge\chunks\[root-of-the-server]__0dowd2h._.js","9,96","29/04/2026 14:19:51"
"D","C:\EAR_OS_V2\.firebase\productora-ear-backend\functions\.next\server\edge\chunks\[root-of-the-server]__0yon-1w._.js","1,96","29/04/2026 14:19:51"
"D","C:\EAR_OS_V2\.firebase\productora-ear-backend\functions\.next\server\edge\chunks\[root-of-the-server]__0zrx25l._.js","0,59","29/04/2026 14:19:51"
"D","C:\EAR_OS_V2\.firebase\productora-ear-backend\functions\.next\server\interception-route-rewrite-manifest.js","0,05","29/04/2026 14:19:51"
"D","C:\EAR_OS_V2\.firebase\productora-ear-backend\functions\.next\server\middleware-build-manifest.js","0,6","29/04/2026 14:19:51"
"D","C:\EAR_OS_V2\.firebase\productora-ear-backend\functions\.next\server\next-font-manifest.js","3,57","29/04/2026 14:19:51"
"D","C:\EAR_OS_V2\.firebase\productora-ear-backend\functions\.next\server\server-reference-manifest.js","0,13","29/04/2026 14:19:51"
"D","C:\EAR_OS_V2\.firebase\productora-ear-backend\functions\.next\static\6C56a8BcdHxmkBgPe4daz\_buildManifest.js","0,21","29/04/2026 14:19:51"
"D","C:\EAR_OS_V2\.firebase\productora-ear-backend\functions\.next\static\6C56a8BcdHxmkBgPe4daz\_clientMiddlewareManifest.js","0,45","29/04/2026 14:19:51"
"D","C:\EAR_OS_V2\.firebase\productora-ear-backend\functions\.next\static\6C56a8BcdHxmkBgPe4daz\_ssgManifest.js","0,09","29/04/2026 14:20:08"
"D","C:\EAR_OS_V2\.firebase\productora-ear-backend\functions\.next\static\chunks\0_8qk13twe2~z.js","9,82","29/04/2026 14:19:51"
"D","C:\EAR_OS_V2\.firebase\productora-ear-backend\functions\.next\static\chunks\0-4oo_oi06i0r.js","6,39","29/04/2026 14:19:51"
"D","C:\EAR_OS_V2\.firebase\productora-ear-backend\functions\.next\static\chunks\0-kda8pqo1hvx.js","20,98","29/04/2026 14:19:51"
"D","C:\EAR_OS_V2\.firebase\productora-ear-backend\functions\.next\static\chunks\0-wm5yza5374s.js","0,29","29/04/2026 14:19:51"
"D","C:\EAR_OS_V2\.firebase\productora-ear-backend\functions\.next\static\chunks\00-csyj9a6t-x.js","53,37","29/04/2026 14:19:51"
"D","C:\EAR_OS_V2\.firebase\productora-ear-backend\functions\.next\static\chunks\00sjvml1.5r4h.js","0,71","29/04/2026 14:19:51"
"D","C:\EAR_OS_V2\.firebase\productora-ear-backend\functions\.next\static\chunks\01xlw8hd842-c.js","3,3","29/04/2026 14:19:51"
"D","C:\EAR_OS_V2\.firebase\productora-ear-backend\functions\.next\static\chunks\03~yq9q893hmn.js","109,96","29/04/2026 14:19:51"
"D","C:\EAR_OS_V2\.firebase\productora-ear-backend\functions\.next\static\chunks\07uz2g0_38qia.js","42,92","29/04/2026 14:19:51"
"D","C:\EAR_OS_V2\.firebase\productora-ear-backend\functions\.next\static\chunks\085~.u6_b3yip.js","43,2","29/04/2026 14:19:51"
"D","C:\EAR_OS_V2\.firebase\productora-ear-backend\functions\.next\static\chunks\09t2isllljna7.js","117,01","29/04/2026 14:19:51"
"D","C:\EAR_OS_V2\.firebase\productora-ear-backend\functions\.next\static\chunks\0a6k5yn61q6w6.js","9,84","29/04/2026 14:19:51"
"D","C:\EAR_OS_V2\.firebase\productora-ear-backend\functions\.next\static\chunks\0bmwtnbugq9f_.js","6,65","29/04/2026 14:19:51"
"D","C:\EAR_OS_V2\.firebase\productora-ear-backend\functions\.next\static\chunks\0cka7oyyv90nw.js","195,41","29/04/2026 14:19:51"
"D","C:\EAR_OS_V2\.firebase\productora-ear-backend\functions\.next\static\chunks\0d-mbmzt.r3t~.js","31,12","29/04/2026 14:19:51"
"D","C:\EAR_OS_V2\.firebase\productora-ear-backend\functions\.next\static\chunks\0d2bp~b3bc.pk.js","195,41","29/04/2026 14:19:51"
"D","C:\EAR_OS_V2\.firebase\productora-ear-backend\functions\.next\static\chunks\0fytrm1si15-s.js","16,44","29/04/2026 14:19:51"
"D","C:\EAR_OS_V2\.firebase\productora-ear-backend\functions\.next\static\chunks\0hjpt03-n96k7.js","4,78","29/04/2026 14:19:51"
"D","C:\EAR_OS_V2\.firebase\productora-ear-backend\functions\.next\static\chunks\0jma.8302htl4.js","12,24","29/04/2026 14:19:51"
"D","C:\EAR_OS_V2\.firebase\productora-ear-backend\functions\.next\static\chunks\0m07w14ra_3zx.js","5,59","29/04/2026 14:19:51"
"D","C:\EAR_OS_V2\.firebase\productora-ear-backend\functions\.next\static\chunks\0n51s3dzc2df0.js","133,44","29/04/2026 14:19:51"
"D","C:\EAR_OS_V2\.firebase\productora-ear-backend\functions\.next\static\chunks\0nt8nn4z_q4x..js","60,03","29/04/2026 14:19:51"
"D","C:\EAR_OS_V2\.firebase\productora-ear-backend\functions\.next\static\chunks\0p_p.hq2zfsq_.js","19,27","29/04/2026 14:19:51"
"D","C:\EAR_OS_V2\.firebase\productora-ear-backend\functions\.next\static\chunks\0r1b_k05m9_d5.js","7,12","29/04/2026 14:19:51"
"D","C:\EAR_OS_V2\.firebase\productora-ear-backend\functions\.next\static\chunks\0v9c2uadhpd-i.js","221,05","29/04/2026 14:19:51"
"D","C:\EAR_OS_V2\.firebase\productora-ear-backend\functions\.next\static\chunks\0vnnapg2ejn7h.js","25,43","29/04/2026 14:19:51"
"D","C:\EAR_OS_V2\.firebase\productora-ear-backend\functions\.next\static\chunks\0wdi_inu8cga4.js","1","29/04/2026 14:19:51"
"D","C:\EAR_OS_V2\.firebase\productora-ear-backend\functions\.next\static\chunks\0wsqxjq-wo2ww.js","7,01","29/04/2026 14:19:51"
"D","C:\EAR_OS_V2\.firebase\productora-ear-backend\functions\.next\static\chunks\0z~dxaice6x2w.js","5,9","29/04/2026 14:19:51"
"D","C:\EAR_OS_V2\.firebase\productora-ear-backend\functions\.next\static\chunks\144ytiyhm3rka.js","36,86","29/04/2026 14:19:51"
"D","C:\EAR_OS_V2\.firebase\productora-ear-backend\functions\.next\static\chunks\1479goi5-.k0p.js","7,53","29/04/2026 14:19:51"
"D","C:\EAR_OS_V2\.firebase\productora-ear-backend\functions\.next\static\chunks\14gfx4girh_la.js","4,95","29/04/2026 14:19:51"
"D","C:\EAR_OS_V2\.firebase\productora-ear-backend\functions\.next\static\chunks\15p6x344yl3_o.js","20,45","29/04/2026 14:19:51"
"D","C:\EAR_OS_V2\.firebase\productora-ear-backend\functions\.next\static\chunks\16swo1rfrn9.7.js","8,61","29/04/2026 14:19:51"
"D","C:\EAR_OS_V2\.firebase\productora-ear-backend\functions\.next\static\chunks\16u33jctn6mxj.js","7,32","29/04/2026 14:19:51"
"D","C:\EAR_OS_V2\.firebase\productora-ear-backend\functions\.next\static\chunks\17e447qc70vq5.js","451,91","29/04/2026 14:19:51"
"D","C:\EAR_OS_V2\.firebase\productora-ear-backend\functions\.next\static\chunks\turbopack-03gpvuyjxc4o6.js","10,36","29/04/2026 14:19:51"
"D","C:\EAR_OS_V2\.firebase\productora-ear-backend\functions\.next\types\cache-life.d.ts","5,72","29/04/2026 14:19:41"
"D","C:\EAR_OS_V2\.firebase\productora-ear-backend\functions\.next\types\routes.d.ts","3,04","29/04/2026 14:19:41"
"D","C:\EAR_OS_V2\.firebase\productora-ear-backend\functions\.next\types\validator.ts","11,18","29/04/2026 14:19:41"
"D","C:\EAR_OS_V2\.firebase\productora-ear-backend\functions\.next\required-server-files.js","8,99","29/04/2026 14:19:59"
"D","C:\EAR_OS_V2\.firebase\productora-ear-backend\functions\next.config.js","0,47","25/04/2026 15:16:09"
"D","C:\EAR_OS_V2\.firebase\productora-ear-backend\functions\server.js","0,23","29/04/2026 14:20:57"
"D","C:\EAR_OS_V2\.firebase\productora-ear-backend\hosting\_next\static\6C56a8BcdHxmkBgPe4daz\_buildManifest.js","0,21","29/04/2026 14:19:51"
"D","C:\EAR_OS_V2\.firebase\productora-ear-backend\hosting\_next\static\6C56a8BcdHxmkBgPe4daz\_clientMiddlewareManifest.js","0,45","29/04/2026 14:19:51"
"D","C:\EAR_OS_V2\.firebase\productora-ear-backend\hosting\_next\static\6C56a8BcdHxmkBgPe4daz\_ssgManifest.js","0,09","29/04/2026 14:20:08"
"D","C:\EAR_OS_V2\.firebase\productora-ear-backend\hosting\_next\static\chunks\0_8qk13twe2~z.js","9,82","29/04/2026 14:19:51"
"D","C:\EAR_OS_V2\.firebase\productora-ear-backend\hosting\_next\static\chunks\0-4oo_oi06i0r.js","6,39","29/04/2026 14:19:51"
"D","C:\EAR_OS_V2\.firebase\productora-ear-backend\hosting\_next\static\chunks\0-kda8pqo1hvx.js","20,98","29/04/2026 14:19:51"
"D","C:\EAR_OS_V2\.firebase\productora-ear-backend\hosting\_next\static\chunks\0-wm5yza5374s.js","0,29","29/04/2026 14:19:51"
"D","C:\EAR_OS_V2\.firebase\productora-ear-backend\hosting\_next\static\chunks\00-csyj9a6t-x.js","53,37","29/04/2026 14:19:51"
"D","C:\EAR_OS_V2\.firebase\productora-ear-backend\hosting\_next\static\chunks\00sjvml1.5r4h.js","0,71","29/04/2026 14:19:51"
"D","C:\EAR_OS_V2\.firebase\productora-ear-backend\hosting\_next\static\chunks\01xlw8hd842-c.js","3,3","29/04/2026 14:19:51"
"D","C:\EAR_OS_V2\.firebase\productora-ear-backend\hosting\_next\static\chunks\03~yq9q893hmn.js","109,96","29/04/2026 14:19:51"
"D","C:\EAR_OS_V2\.firebase\productora-ear-backend\hosting\_next\static\chunks\07uz2g0_38qia.js","42,92","29/04/2026 14:19:51"
"D","C:\EAR_OS_V2\.firebase\productora-ear-backend\hosting\_next\static\chunks\085~.u6_b3yip.js","43,2","29/04/2026 14:19:51"
"D","C:\EAR_OS_V2\.firebase\productora-ear-backend\hosting\_next\static\chunks\09t2isllljna7.js","117,01","29/04/2026 14:19:51"
"D","C:\EAR_OS_V2\.firebase\productora-ear-backend\hosting\_next\static\chunks\0a6k5yn61q6w6.js","9,84","29/04/2026 14:19:51"
"D","C:\EAR_OS_V2\.firebase\productora-ear-backend\hosting\_next\static\chunks\0bmwtnbugq9f_.js","6,65","29/04/2026 14:19:51"
"D","C:\EAR_OS_V2\.firebase\productora-ear-backend\hosting\_next\static\chunks\0cka7oyyv90nw.js","195,41","29/04/2026 14:19:51"
"D","C:\EAR_OS_V2\.firebase\productora-ear-backend\hosting\_next\static\chunks\0d-mbmzt.r3t~.js","31,12","29/04/2026 14:19:51"
"D","C:\EAR_OS_V2\.firebase\productora-ear-backend\hosting\_next\static\chunks\0d2bp~b3bc.pk.js","195,41","29/04/2026 14:19:51"
"D","C:\EAR_OS_V2\.firebase\productora-ear-backend\hosting\_next\static\chunks\0fytrm1si15-s.js","16,44","29/04/2026 14:19:51"
"D","C:\EAR_OS_V2\.firebase\productora-ear-backend\hosting\_next\static\chunks\0hjpt03-n96k7.js","4,78","29/04/2026 14:19:51"
"D","C:\EAR_OS_V2\.firebase\productora-ear-backend\hosting\_next\static\chunks\0jma.8302htl4.js","12,24","29/04/2026 14:19:51"
"D","C:\EAR_OS_V2\.firebase\productora-ear-backend\hosting\_next\static\chunks\0m07w14ra_3zx.js","5,59","29/04/2026 14:19:51"
"D","C:\EAR_OS_V2\.firebase\productora-ear-backend\hosting\_next\static\chunks\0n51s3dzc2df0.js","133,44","29/04/2026 14:19:51"
"D","C:\EAR_OS_V2\.firebase\productora-ear-backend\hosting\_next\static\chunks\0nt8nn4z_q4x..js","60,03","29/04/2026 14:19:51"
"D","C:\EAR_OS_V2\.firebase\productora-ear-backend\hosting\_next\static\chunks\0p_p.hq2zfsq_.js","19,27","29/04/2026 14:19:51"
"D","C:\EAR_OS_V2\.firebase\productora-ear-backend\hosting\_next\static\chunks\0r1b_k05m9_d5.js","7,12","29/04/2026 14:19:51"
"D","C:\EAR_OS_V2\.firebase\productora-ear-backend\hosting\_next\static\chunks\0v9c2uadhpd-i.js","221,05","29/04/2026 14:19:51"
"D","C:\EAR_OS_V2\.firebase\productora-ear-backend\hosting\_next\static\chunks\0vnnapg2ejn7h.js","25,43","29/04/2026 14:19:51"
"D","C:\EAR_OS_V2\.firebase\productora-ear-backend\hosting\_next\static\chunks\0wdi_inu8cga4.js","1","29/04/2026 14:19:51"
"D","C:\EAR_OS_V2\.firebase\productora-ear-backend\hosting\_next\static\chunks\0wsqxjq-wo2ww.js","7,01","29/04/2026 14:19:51"
"D","C:\EAR_OS_V2\.firebase\productora-ear-backend\hosting\_next\static\chunks\0z~dxaice6x2w.js","5,9","29/04/2026 14:19:51"
"D","C:\EAR_OS_V2\.firebase\productora-ear-backend\hosting\_next\static\chunks\144ytiyhm3rka.js","36,86","29/04/2026 14:19:51"
"D","C:\EAR_OS_V2\.firebase\productora-ear-backend\hosting\_next\static\chunks\1479goi5-.k0p.js","7,53","29/04/2026 14:19:51"
"D","C:\EAR_OS_V2\.firebase\productora-ear-backend\hosting\_next\static\chunks\14gfx4girh_la.js","4,95","29/04/2026 14:19:51"
"D","C:\EAR_OS_V2\.firebase\productora-ear-backend\hosting\_next\static\chunks\15p6x344yl3_o.js","20,45","29/04/2026 14:19:51"
"D","C:\EAR_OS_V2\.firebase\productora-ear-backend\hosting\_next\static\chunks\16swo1rfrn9.7.js","8,61","29/04/2026 14:19:51"
"D","C:\EAR_OS_V2\.firebase\productora-ear-backend\hosting\_next\static\chunks\16u33jctn6mxj.js","7,32","29/04/2026 14:19:51"
"D","C:\EAR_OS_V2\.firebase\productora-ear-backend\hosting\_next\static\chunks\17e447qc70vq5.js","451,91","29/04/2026 14:19:51"
"D","C:\EAR_OS_V2\.firebase\productora-ear-backend\hosting\_next\static\chunks\turbopack-03gpvuyjxc4o6.js","10,36","29/04/2026 14:19:51"
"D","C:\EAR_OS_V2\data_vault\docs\ASTRA_BUSINESS_MODEL.md","1,65","15/02/2026 11:03:21"
"D","C:\EAR_OS_V2\data_vault\docs\DEPLOY_GUIDE.md","4,72","10/02/2026 21:13:14"
"D","C:\EAR_OS_V2\data_vault\docs\EAR_CORE_DIRECTIVES.md","4,98","15/02/2026 11:00:22"
"D","C:\EAR_OS_V2\data_vault\docs\EAR_CORE_OBJECTIVES.md","1,92","15/02/2026 10:13:19"
"D","C:\EAR_OS_V2\data_vault\docs\EAR_FIREBASE_RULES.md","2,09","15/02/2026 11:38:48"
"D","C:\EAR_OS_V2\data_vault\docs\EAR_PRODUCT_DEFINITION.md","1,41","15/02/2026 11:03:18"
"D","C:\EAR_OS_V2\data_vault\docs\EAR_QA_OPERATIONS_MANUAL.md","2,94","15/02/2026 10:08:18"
"D","C:\EAR_OS_V2\data_vault\docs\EAR_RECOVERY_PROTOCOL.md","2,06","15/02/2026 11:00:24"
"D","C:\EAR_OS_V2\data_vault\docs\EAR_SOURCE_INDEX.md","1,81","15/02/2026 11:20:45"
"D","C:\EAR_OS_V2\data_vault\docs\FREEZE_v2.1_REPORT.md","1,04","12/02/2026 17:24:47"
"D","C:\EAR_OS_V2\data_vault\docs\INFORME_FINAL_SKILL_CHAIN.md","2,54","12/02/2026 19:37:54"
"D","C:\EAR_OS_V2\data_vault\docs\NAV_MAP_EAR.md","2,88","15/02/2026 10:08:33"
"D","C:\EAR_OS_V2\data_vault\docs\README.md","1,67","04/02/2026 16:14:47"
"D","C:\EAR_OS_V2\data_vault\docs\TASK_BATCH_01.md","1,97","15/02/2026 11:43:41"
"D","C:\EAR_OS_V2\data_vault\docs\TASKS.md","1,39","14/02/2026 22:37:34"
"D","C:\EAR_OS_V2\scripts\database\codex_ingestion.js","1,88","29/04/2026 19:48:40"
"D","C:\EAR_OS_V2\scripts\cazador_fantasma.ts","5,24","16/04/2026 17:20:03"
"D","C:\EAR_OS_V2\scripts\generate_hunter_rag_foundations.js","7,25","24/04/2026 10:18:26"
"D","C:\EAR_OS_V2\scripts\generate_sclass_foundations.js","6,81","24/04/2026 10:01:00"
"D","C:\EAR_OS_V2\scripts\intelligence_scan_route.ts","2,95","16/04/2026 17:34:11"
"D","C:\EAR_OS_V2\scripts\knowledge-ingestion.ts","2,76","21/03/2026 15:10:34"
"D","C:\EAR_OS_V2\scripts\rag_injector_omega.js","4,03","24/04/2026 10:36:18"
"D","C:\EAR_OS_V2\scripts\telegramService.ts","1,15","23/03/2026 14:13:20"
"D","C:\EAR_OS_V2\scripts\test-memory-persistence.ts","0,48","22/04/2026 22:40:41"
"D","C:\EAR_OS_V2\scripts\vantage-registry.ts","2,27","16/03/2026 18:11:01"
"D","C:\EAR_OS_V2\src\app\[...slug]\page.tsx","13,64","29/04/2026 19:44:07"
"D","C:\EAR_OS_V2\src\app\admin\configurador\page.tsx","0,38","29/04/2026 19:44:07"
"D","C:\EAR_OS_V2\src\app\admin\crm\page.tsx","0,22","24/04/2026 15:15:41"
"D","C:\EAR_OS_V2\src\app\admin\crm-vulnerable\page.tsx","3,42","24/04/2026 17:13:54"
"D","C:\EAR_OS_V2\src\app\admin\estado\page.tsx","0,21","24/04/2026 17:02:13"
"D","C:\EAR_OS_V2\src\app\admin\flota\page.tsx","0,59","24/04/2026 17:51:42"
"D","C:\EAR_OS_V2\src\app\admin\oraculo\page.tsx","0,58","24/04/2026 17:51:42"
"D","C:\EAR_OS_V2\src\app\admin\vimume\page.tsx","0,37","29/04/2026 19:44:07"
"D","C:\EAR_OS_V2\src\app\admin\layout.tsx","1,37","29/04/2026 19:44:07"
"D","C:\EAR_OS_V2\src\app\admin\page.tsx","0,2","29/04/2026 19:48:40"
"D","C:\EAR_OS_V2\src\app\api\astra\route.ts","3,04","29/04/2026 19:44:07"
"D","C:\EAR_OS_V2\src\app\api\hunter\execute\route.ts","1,73","21/04/2026 21:40:56"
"D","C:\EAR_OS_V2\src\app\api\hunter\ingest\route.ts","1,51","24/04/2026 10:18:37"
"D","C:\EAR_OS_V2\src\app\api\hunter\phantom\route.ts","1,5","24/04/2026 23:11:21"
"D","C:\EAR_OS_V2\src\app\api\payments\create-session\route.ts","0,58","30/04/2026 12:55:09"
"D","C:\EAR_OS_V2\src\app\api\payments\liquidate\route.ts","1,3","24/04/2026 10:46:31"
"D","C:\EAR_OS_V2\src\app\api\payments\webhook\route.ts","1,71","29/04/2026 19:48:40"
"D","C:\EAR_OS_V2\src\app\api\rag\query\route.ts","1,14","24/04/2026 10:18:37"
"D","C:\EAR_OS_V2\src\app\api\test-telegram\route.ts","1,01","21/04/2026 22:00:05"
"D","C:\EAR_OS_V2\src\app\api\tripwire\route.ts","1,31","19/04/2026 13:51:00"
"D","C:\EAR_OS_V2\src\app\api\vampire\transmute\route.ts","0,84","21/04/2026 23:47:25"
"D","C:\EAR_OS_V2\src\app\api\vimume\atoms\route.ts","1,08","29/04/2026 19:48:40"
"D","C:\EAR_OS_V2\src\app\api\vimume\projects\route.ts","1,87","29/04/2026 19:48:40"
"D","C:\EAR_OS_V2\src\app\api\vimume\sessions\route.ts","0,67","29/04/2026 19:48:40"
"D","C:\EAR_OS_V2\src\app\centro-mando\page.tsx","0,15","29/04/2026 19:48:40"
"D","C:\EAR_OS_V2\src\app\dashboard\page.tsx","1,59","30/04/2026 8:33:30"
"D","C:\EAR_OS_V2\src\app\login\page.tsx","0,15","19/04/2026 9:55:18"
"D","C:\EAR_OS_V2\src\app\layout.tsx","3,27","29/04/2026 23:57:13"
"D","C:\EAR_OS_V2\src\app\page.tsx","6,66","30/04/2026 12:51:50"
"D","C:\EAR_OS_V2\src\app\robots.ts","0,42","24/04/2026 22:10:32"
"D","C:\EAR_OS_V2\src\app\sitemap.ts","2,39","24/04/2026 22:10:25"
"D","C:\EAR_OS_V2\src\components\auth\AuthGuard.tsx","0,51","29/04/2026 19:52:14"
"D","C:\EAR_OS_V2\src\components\components\templates\RoutePageWrapper.tsx","1,38","24/04/2026 20:07:34"
"D","C:\EAR_OS_V2\src\components\SClass\Sidebar.tsx","4,13","29/04/2026 19:48:40"
"D","C:\EAR_OS_V2\src\components\SClass\TacticalTracker.tsx","9,2","29/04/2026 19:48:40"
"D","C:\EAR_OS_V2\src\components\SClassScreens\ApexButton.tsx","3,07","29/04/2026 19:44:07"
"D","C:\EAR_OS_V2\src\components\SClassScreens\BespokeTemplate.tsx","7,09","29/04/2026 19:44:07"
"D","C:\EAR_OS_V2\src\components\SClassScreens\NeuralJourneyApex.tsx","24,98","29/04/2026 19:44:07"
"D","C:\EAR_OS_V2\src\components\ui\BentoGrid.tsx","1,22","22/04/2026 0:14:28"
"D","C:\EAR_OS_V2\src\components\ui\glassCard.tsx","0,61","22/04/2026 17:33:46"
"D","C:\EAR_OS_V2\src\components\About.tsx","8,62","05/04/2026 7:30:12"
"D","C:\EAR_OS_V2\src\components\AdditionalServices.tsx","3,79","24/04/2026 20:07:00"
"D","C:\EAR_OS_V2\src\components\AdvancedSearchGrid.tsx","1,41","29/04/2026 21:44:07"
"D","C:\EAR_OS_V2\src\components\AnimatedStats.tsx","4,07","05/04/2026 7:30:12"
"D","C:\EAR_OS_V2\src\components\ArtistPortal.tsx","14,54","05/04/2026 7:30:12"
"D","C:\EAR_OS_V2\src\components\ArtistsSection.tsx","16,03","05/04/2026 7:30:12"
"D","C:\EAR_OS_V2\src\components\Blog.tsx","3,59","05/04/2026 7:30:12"
"D","C:\EAR_OS_V2\src\components\BusinessServices.tsx","6,19","05/04/2026 7:30:12"
"D","C:\EAR_OS_V2\src\components\Contact.tsx","9,73","05/04/2026 7:30:12"
"D","C:\EAR_OS_V2\src\components\CostCalculator.tsx","9,63","05/04/2026 7:30:12"
"D","C:\EAR_OS_V2\src\components\EarLogo.tsx","2,64","05/04/2026 7:30:12"
"D","C:\EAR_OS_V2\src\components\EarOS_Reconstructor.tsx","2,99","22/04/2026 17:16:58"
"D","C:\EAR_OS_V2\src\components\EventsSection.tsx","6,37","05/04/2026 7:30:12"
"D","C:\EAR_OS_V2\src\components\Features.tsx","6,41","05/04/2026 7:30:12"
"D","C:\EAR_OS_V2\src\components\Footer.tsx","5,42","30/04/2026 12:19:58"
"D","C:\EAR_OS_V2\src\components\Hero.tsx","5,13","29/04/2026 17:30:46"
"D","C:\EAR_OS_V2\src\components\Navbar.tsx","4,61","24/04/2026 20:12:52"
"D","C:\EAR_OS_V2\src\components\PaymentModal.tsx","5,38","29/04/2026 19:44:07"
"D","C:\EAR_OS_V2\src\components\PricingTable.tsx","5,96","05/04/2026 7:30:12"
"D","C:\EAR_OS_V2\src\components\Privacy.tsx","2,22","05/04/2026 7:30:12"
"D","C:\EAR_OS_V2\src\components\ProfesorIA.tsx","28,65","24/04/2026 20:15:32"
"D","C:\EAR_OS_V2\src\components\RentalSection.tsx","9,58","05/04/2026 7:30:12"
"D","C:\EAR_OS_V2\src\components\ReservationSystem.tsx","17,14","05/04/2026 7:30:12"
"D","C:\EAR_OS_V2\src\components\SocialImpactHome.tsx","5,87","05/04/2026 7:30:12"
"D","C:\EAR_OS_V2\src\components\SocialProjects.tsx","90,55","05/04/2026 7:30:12"
"D","C:\EAR_OS_V2\src\components\SovereignMemoryTest.tsx","0,86","23/04/2026 22:09:11"
"D","C:\EAR_OS_V2\src\components\Stats.tsx","0,79","05/04/2026 7:30:12"
"D","C:\EAR_OS_V2\src\components\Testimonials.tsx","5,71","05/04/2026 7:30:12"
"D","C:\EAR_OS_V2\src\components\TheEarSignal.tsx","10,84","29/04/2026 19:44:07"
"D","C:\EAR_OS_V2\src\components\ThreeDoors.tsx","4,66","29/04/2026 19:48:40"
"D","C:\EAR_OS_V2\src\components\VideoServices.tsx","5,98","29/04/2026 19:48:40"
"D","C:\EAR_OS_V2\src\components\WeddingsSection.tsx","8,61","05/04/2026 7:30:12"
"D","C:\EAR_OS_V2\src\contexts\AuthContext.tsx","2,3","24/04/2026 10:46:45"
"D","C:\EAR_OS_V2\src\contexts\EventEngineContext.tsx","3,96","29/04/2026 19:44:07"
"D","C:\EAR_OS_V2\src\contexts\SuitContext.tsx","0,65","22/04/2026 10:32:22"
"D","C:\EAR_OS_V2\src\data\academy.ts","0,89","05/04/2026 7:30:12"
"D","C:\EAR_OS_V2\src\data\artists.ts","0,37","05/04/2026 7:30:12"
"D","C:\EAR_OS_V2\src\data\blog.ts","2,35","05/04/2026 7:30:12"
"D","C:\EAR_OS_V2\src\data\events.ts","0,46","05/04/2026 7:30:12"
"D","C:\EAR_OS_V2\src\data\expertise.ts","1,59","05/04/2026 7:30:12"
"D","C:\EAR_OS_V2\src\data\pricing.ts","0,95","05/04/2026 7:30:12"
"D","C:\EAR_OS_V2\src\data\rentals.ts","5,48","05/04/2026 7:30:12"
"D","C:\EAR_OS_V2\src\data\services.ts","2,41","05/04/2026 7:30:12"
"D","C:\EAR_OS_V2\src\data\stats.ts","1,06","05/04/2026 7:30:12"
"D","C:\EAR_OS_V2\src\data\weddings.ts","0,8","05/04/2026 7:30:12"
"D","C:\EAR_OS_V2\src\hooks\useStripe.tsx","1,01","19/04/2026 18:35:27"
"D","C:\EAR_OS_V2\src\hooks\useTripwire.ts","2,48","19/04/2026 17:44:08"
"D","C:\EAR_OS_V2\src\lib\constants\SClassNexus.ts","3,99","29/04/2026 19:48:40"
"D","C:\EAR_OS_V2\src\lib\constants\seo-data.ts","2,73","29/04/2026 19:48:40"
"D","C:\EAR_OS_V2\src\lib\engines\VimumeEngine.ts","2,06","29/04/2026 19:44:07"
"D","C:\EAR_OS_V2\src\lib\engines\weddingMatchEngine.ts","11,52","29/04/2026 19:44:07"
"D","C:\EAR_OS_V2\src\lib\intelligence\ApalancamientoEngine.ts","0,77","19/04/2026 9:51:03"
"D","C:\EAR_OS_V2\src\lib\intelligence\EternalMemory.ts","0,38","29/04/2026 19:44:07"
"D","C:\EAR_OS_V2\src\lib\intelligence\opalEngine.ts","2,91","19/04/2026 18:32:22"
"D","C:\EAR_OS_V2\src\lib\intelligence\washData.ts","1,77","24/04/2026 10:53:54"
"D","C:\EAR_OS_V2\src\lib\recovered\client-interceptors.ts","1,09","19/04/2026 18:32:41"
"D","C:\EAR_OS_V2\src\lib\recovered\parseStripeProp.ts","0,87","19/04/2026 18:32:55"
"D","C:\EAR_OS_V2\src\lib\recovered\sendForm.ts","0,52","19/04/2026 18:33:55"
"D","C:\EAR_OS_V2\src\lib\recovered\sendPost.ts","0,53","19/04/2026 18:33:29"
"D","C:\EAR_OS_V2\src\lib\services\ai\AstraService.ts","2,76","21/04/2026 22:46:18"
"D","C:\EAR_OS_V2\src\lib\services\comm\TelegramService.ts","1,94","21/04/2026 21:41:03"
"D","C:\EAR_OS_V2\src\lib\services\scrapers\cazador_fantasma.ts","3,32","21/04/2026 23:47:50"
"D","C:\EAR_OS_V2\src\lib\services\scrapers\README_SCRAPER.md","1,47","06/02/2026 8:56:29"
"D","C:\EAR_OS_V2\src\lib\services\auth_nexus.ts","2,72","29/04/2026 19:44:07"
"D","C:\EAR_OS_V2\src\lib\services\EmpireLoop.ts","5,89","29/04/2026 19:44:07"
"D","C:\EAR_OS_V2\src\lib\services\ghost_hunter.ts","1,98","24/04/2026 11:54:39"
"D","C:\EAR_OS_V2\src\lib\services\nexus_payments.ts","2,92","24/04/2026 10:46:23"
"D","C:\EAR_OS_V2\src\lib\services\VampireService.ts","2,39","21/04/2026 22:46:27"
"D","C:\EAR_OS_V2\src\lib\services\webhook_dispatcher.ts","1,93","20/04/2026 12:29:16"
"D","C:\EAR_OS_V2\src\lib\utils\AstraCore.ts","3,64","29/04/2026 19:48:40"
"D","C:\EAR_OS_V2\src\lib\api.ts","1,93","24/04/2026 20:21:24"
"D","C:\EAR_OS_V2\src\lib\AuthContext.tsx","1,75","19/04/2026 13:01:29"
"D","C:\EAR_OS_V2\src\lib\firebase.ts","1,04","24/04/2026 17:36:53"
"D","C:\EAR_OS_V2\src\lib\hunter.ts","3,07","19/04/2026 17:54:59"
"D","C:\EAR_OS_V2\src\lib\payments.ts","1,03","29/04/2026 19:52:14"
"D","C:\EAR_OS_V2\src\lib\paypal.ts","2","29/04/2026 19:48:40"
"D","C:\EAR_OS_V2\src\lib\utils.ts","0,17","22/04/2026 0:14:34"
"D","C:\EAR_OS_V2\src\modules\SClassScreens\components\AstraKPIPanel.tsx","5,57","29/04/2026 19:52:14"
"D","C:\EAR_OS_V2\src\modules\SClassScreens\components\BucleAprendizaje.tsx","2,66","24/04/2026 11:28:54"
"D","C:\EAR_OS_V2\src\modules\SClassScreens\components\FenixConsole.tsx","3,19","24/04/2026 20:22:46"
"D","C:\EAR_OS_V2\src\modules\SClassScreens\components\MotorTactico.tsx","1,08","24/04/2026 11:28:54"
"D","C:\EAR_OS_V2\src\modules\SClassScreens\components\SClassUI.tsx","4,04","21/04/2026 23:45:28"
"D","C:\EAR_OS_V2\src\modules\SClassScreens\components\SimuladorEscenarios.tsx","1,37","24/04/2026 14:02:11"
"D","C:\EAR_OS_V2\src\modules\SClassScreens\components\SovereignSkeleton.tsx","1,74","19/04/2026 17:20:30"
"D","C:\EAR_OS_V2\src\modules\SClassScreens\components\VimumeDashboard.tsx","10,31","29/04/2026 19:52:14"
"D","C:\EAR_OS_V2\src\modules\SClassScreens\components\VimumeNavigator.tsx","4,81","29/04/2026 19:48:40"
"D","C:\EAR_OS_V2\src\modules\SClassScreens\panels\AcademyPanel.tsx","7,2","29/04/2026 19:44:07"
"D","C:\EAR_OS_V2\src\modules\SClassScreens\panels\AffiliatesPanel.tsx","8,8","29/04/2026 19:44:07"
"D","C:\EAR_OS_V2\src\modules\SClassScreens\panels\AgencyPortalPanel.tsx","11,8","24/04/2026 14:04:42"
"D","C:\EAR_OS_V2\src\modules\SClassScreens\panels\ArtistHubPanel.tsx","8,54","29/04/2026 19:44:07"
"D","C:\EAR_OS_V2\src\modules\SClassScreens\panels\AstraNeuralBrain.tsx","11,33","29/04/2026 19:44:07"
"D","C:\EAR_OS_V2\src\modules\SClassScreens\panels\AstraNeuralTwinPanel.tsx","10,12","22/04/2026 20:58:33"
"D","C:\EAR_OS_V2\src\modules\SClassScreens\panels\BriefingPanel.tsx","0,13","20/04/2026 12:07:49"
"D","C:\EAR_OS_V2\src\modules\SClassScreens\panels\CRMPanel.tsx","6,99","29/04/2026 19:44:07"
"D","C:\EAR_OS_V2\src\modules\SClassScreens\panels\CROPanel.tsx","5,4","29/04/2026 19:44:07"
"D","C:\EAR_OS_V2\src\modules\SClassScreens\panels\DispatchPanel.tsx","4,06","29/04/2026 19:44:07"
"D","C:\EAR_OS_V2\src\modules\SClassScreens\panels\FinancialPanel.tsx","15,61","29/04/2026 19:44:07"
"D","C:\EAR_OS_V2\src\modules\SClassScreens\panels\FinancialSimulatorPanel.tsx","10,82","22/04/2026 20:59:15"
"D","C:\EAR_OS_V2\src\modules\SClassScreens\panels\ForensicScanner.tsx","12,76","29/04/2026 19:48:40"
"D","C:\EAR_OS_V2\src\modules\SClassScreens\panels\GrowthPulsePanel.tsx","7,98","22/04/2026 20:59:32"
"D","C:\EAR_OS_V2\src\modules\SClassScreens\panels\HermesTrackerPanel.tsx","13,17","22/04/2026 20:58:54"
"D","C:\EAR_OS_V2\src\modules\SClassScreens\panels\HunterPanel.tsx","12,16","29/04/2026 19:44:07"
"D","C:\EAR_OS_V2\src\modules\SClassScreens\panels\InfrastructurePanel.tsx","9,39","22/04/2026 20:57:24"
"D","C:\EAR_OS_V2\src\modules\SClassScreens\panels\InstitucionalPanel.tsx","8,66","29/04/2026 19:44:07"
"D","C:\EAR_OS_V2\src\modules\SClassScreens\panels\MarketPanel.tsx","8,42","29/04/2026 19:44:07"
"D","C:\EAR_OS_V2\src\modules\SClassScreens\panels\OmegaCockpitPanel.tsx","14,71","22/04/2026 20:58:10"
"D","C:\EAR_OS_V2\src\modules\SClassScreens\panels\RoadmapPanel.tsx","8,82","29/04/2026 19:44:07"
"D","C:\EAR_OS_V2\src\modules\SClassScreens\panels\SecurityTrackerPanel.tsx","0,15","20/04/2026 12:07:45"
"D","C:\EAR_OS_V2\src\modules\SClassScreens\panels\StitchConsole.tsx","10,46","29/04/2026 19:44:07"
"D","C:\EAR_OS_V2\src\modules\SClassScreens\panels\TacticalArsenalPanel.tsx","0,15","20/04/2026 12:07:35"
"D","C:\EAR_OS_V2\src\modules\SClassScreens\panels\TacticalConsolidated.tsx","8,03","20/04/2026 12:07:10"
"D","C:\EAR_OS_V2\src\modules\SClassScreens\panels\ToolkitPanel.tsx","0,13","20/04/2026 12:07:40"
"D","C:\EAR_OS_V2\src\modules\SClassScreens\panels\UrlIndexPanel.tsx","5,96","29/04/2026 19:44:07"
"D","C:\EAR_OS_V2\src\modules\SClassScreens\panels\VampirePanel.tsx","10,48","29/04/2026 19:44:07"
"D","C:\EAR_OS_V2\src\modules\SClassScreens\panels\VenuesB2BPanel.tsx","6,23","29/04/2026 19:44:07"
"D","C:\EAR_OS_V2\src\modules\SClassScreens\panels\VimumeAtlas.tsx","6,18","29/04/2026 19:48:40"
"D","C:\EAR_OS_V2\src\modules\SClassScreens\panels\VimumeCorePanel.tsx","12,71","29/04/2026 19:48:40"
"D","C:\EAR_OS_V2\src\modules\SClassScreens\panels\VimumeLegacy.tsx","7,46","23/04/2026 22:28:17"
"D","C:\EAR_OS_V2\src\modules\SClassScreens\panels\VimumeProjectsPanel.tsx","8,38","29/04/2026 19:48:40"
"D","C:\EAR_OS_V2\src\modules\SClassScreens\panels\VimumeSocial.tsx","8,42","23/04/2026 22:28:31"
"D","C:\EAR_OS_V2\src\modules\SClassScreens\panels\VimumeTrackerPanel.tsx","29,19","29/04/2026 19:48:40"
"D","C:\EAR_OS_V2\src\modules\SClassScreens\panels\VimumeVertical.tsx","4,17","29/04/2026 19:52:14"
"D","C:\EAR_OS_V2\src\modules\SClassScreens\panels\WeddingDashboardPanel.tsx","10,11","24/04/2026 14:04:11"
"D","C:\EAR_OS_V2\src\modules\SClassScreens\AllianceNetwork.tsx","10","24/04/2026 13:47:21"
"D","C:\EAR_OS_V2\src\modules\SClassScreens\AstraNeuralTwin.tsx","6,85","24/04/2026 19:09:11"
"D","C:\EAR_OS_V2\src\modules\SClassScreens\AstraSingleVoice.tsx","2,64","29/04/2026 19:48:40"
"D","C:\EAR_OS_V2\src\modules\SClassScreens\AutonomousOrchestrator.tsx","8,87","29/04/2026 19:44:07"
"D","C:\EAR_OS_V2\src\modules\SClassScreens\ConfiguradorBespoke.tsx","4,78","29/04/2026 19:52:14"
"D","C:\EAR_OS_V2\src\modules\SClassScreens\DemandEngine.tsx","10,3","24/04/2026 13:47:04"
"D","C:\EAR_OS_V2\src\modules\SClassScreens\EarCommandCenter.tsx","3,86","29/04/2026 19:52:14"
"D","C:\EAR_OS_V2\src\modules\SClassScreens\ExpansionDashboard.tsx","5,19","24/04/2026 20:06:23"
"D","C:\EAR_OS_V2\src\modules\SClassScreens\FenixCommandCenter.tsx","6,32","29/04/2026 19:48:40"
"D","C:\EAR_OS_V2\src\modules\SClassScreens\FenixV2Dashboard.tsx","9,23","29/04/2026 19:48:40"
"D","C:\EAR_OS_V2\src\modules\SClassScreens\FleetTracker.tsx","3,55","24/04/2026 19:06:24"
"D","C:\EAR_OS_V2\src\modules\SClassScreens\OmnibusTracker.tsx","8","29/04/2026 19:48:40"
"D","C:\EAR_OS_V2\src\modules\SClassScreens\ShieldTracker.tsx","4,75","24/04/2026 11:28:54"
"D","C:\EAR_OS_V2\src\modules\SClassScreens\SovereignLogin.tsx","11,5","19/04/2026 13:04:27"
"D","C:\EAR_OS_V2\src\services\earOpsService.ts","6,08","19/04/2026 17:20:22"
"D","C:\EAR_OS_V2\src\services\EmpireLoop.ts","2,32","24/04/2026 14:53:15"
"D","C:\EAR_OS_V2\src\stores\useEmpireStore.ts","1,93","24/04/2026 20:05:58"
"D","C:\EAR_OS_V2\src\types\paypal.d.ts","0,68","29/04/2026 19:48:40"
"D","C:\EAR_OS_V2\src\types\SClass.d.ts","0,74","29/04/2026 19:44:07"
"D","C:\EAR_OS_V2\src\proxy.ts","0,74","29/04/2026 19:44:07"
"D","C:\EAR_OS_V2\src\types.ts","1,67","24/04/2026 20:20:39"
"D","C:\EAR_OS_V2\sync_nexus\STITCH_DIRECTIVE_01.md","1,95","29/04/2026 19:48:40"
"D","C:\EAR_OS_V2\sync_nexus\STITCH_DIRECTIVE_02_VIMUME.md","2,55","29/04/2026 19:48:40"
"D","C:\EAR_OS_V2\temp_legacy\components\templates\RoutePageWrapper.tsx","1,42","29/04/2026 19:48:40"
"D","C:\EAR_OS_V2\temp_legacy\components\About.tsx","8,75","29/04/2026 19:48:40"
"D","C:\EAR_OS_V2\temp_legacy\components\AdditionalServices.tsx","3,85","29/04/2026 19:48:40"
"D","C:\EAR_OS_V2\temp_legacy\components\AnimatedStats.tsx","4,2","29/04/2026 19:48:40"
"D","C:\EAR_OS_V2\temp_legacy\components\ArtistPortal.tsx","14,77","29/04/2026 19:48:40"
"D","C:\EAR_OS_V2\temp_legacy\components\ArtistsSection.tsx","16,27","29/04/2026 19:48:40"
"D","C:\EAR_OS_V2\temp_legacy\components\Blog.tsx","3,67","29/04/2026 19:48:40"
"D","C:\EAR_OS_V2\temp_legacy\components\BusinessServices.tsx","6,27","29/04/2026 19:48:40"
"D","C:\EAR_OS_V2\temp_legacy\components\Contact.tsx","9,9","29/04/2026 19:48:40"
"D","C:\EAR_OS_V2\temp_legacy\components\CostCalculator.tsx","9,81","29/04/2026 19:48:40"
"D","C:\EAR_OS_V2\temp_legacy\components\EarLogo.tsx","2,71","29/04/2026 19:48:40"
"D","C:\EAR_OS_V2\temp_legacy\components\EventsSection.tsx","6,48","29/04/2026 19:48:40"
"D","C:\EAR_OS_V2\temp_legacy\components\Features.tsx","6,51","29/04/2026 19:48:40"
"D","C:\EAR_OS_V2\temp_legacy\components\Footer.tsx","5,47","29/04/2026 19:48:40"
"D","C:\EAR_OS_V2\temp_legacy\components\Hero.tsx","5,22","29/04/2026 19:48:40"
"D","C:\EAR_OS_V2\temp_legacy\components\Navbar.tsx","4,67","29/04/2026 19:48:40"
"D","C:\EAR_OS_V2\temp_legacy\components\PaymentModal.tsx","5,38","29/04/2026 19:48:40"
"D","C:\EAR_OS_V2\temp_legacy\components\PricingTable.tsx","6,05","29/04/2026 19:48:40"
"D","C:\EAR_OS_V2\temp_legacy\components\Privacy.tsx","2,26","29/04/2026 19:48:40"
"D","C:\EAR_OS_V2\temp_legacy\components\ProfesorIA.tsx","29,02","29/04/2026 19:48:40"
"D","C:\EAR_OS_V2\temp_legacy\components\RentalSection.tsx","9,76","29/04/2026 19:48:40"
"D","C:\EAR_OS_V2\temp_legacy\components\ReservationSystem.tsx","17,46","29/04/2026 19:48:40"
"D","C:\EAR_OS_V2\temp_legacy\components\SocialImpactHome.tsx","5,98","29/04/2026 19:48:40"
"D","C:\EAR_OS_V2\temp_legacy\components\SocialProjects.tsx","91,81","29/04/2026 19:48:40"
"D","C:\EAR_OS_V2\temp_legacy\components\Stats.tsx","0,81","29/04/2026 19:48:40"
"D","C:\EAR_OS_V2\temp_legacy\components\Testimonials.tsx","5,82","29/04/2026 19:48:40"
"D","C:\EAR_OS_V2\temp_legacy\components\TheEarSignal.tsx","10,24","29/04/2026 19:48:40"
"D","C:\EAR_OS_V2\temp_legacy\components\ThreeDoors.tsx","4,64","29/04/2026 19:48:40"
"D","C:\EAR_OS_V2\temp_legacy\components\VideoServices.tsx","5,96","29/04/2026 19:48:40"
"D","C:\EAR_OS_V2\temp_legacy\components\WeddingsSection.tsx","8,75","29/04/2026 19:48:40"
"D","C:\EAR_OS_V2\temp_legacy\data\academy.ts","0,91","29/04/2026 19:48:40"
"D","C:\EAR_OS_V2\temp_legacy\data\artists.ts","0,39","29/04/2026 19:48:40"
"D","C:\EAR_OS_V2\temp_legacy\data\blog.ts","2,41","29/04/2026 19:48:40"
"D","C:\EAR_OS_V2\temp_legacy\data\events.ts","0,47","29/04/2026 19:48:40"
"D","C:\EAR_OS_V2\temp_legacy\data\expertise.ts","1,62","29/04/2026 19:48:40"
"D","C:\EAR_OS_V2\temp_legacy\data\pricing.ts","0,97","29/04/2026 19:48:40"
"D","C:\EAR_OS_V2\temp_legacy\data\rentals.ts","5,64","29/04/2026 19:48:40"
"D","C:\EAR_OS_V2\temp_legacy\data\services.ts","2,49","29/04/2026 19:48:40"
"D","C:\EAR_OS_V2\temp_legacy\data\stats.ts","1,1","29/04/2026 19:48:40"
"D","C:\EAR_OS_V2\temp_legacy\data\weddings.ts","0,82","29/04/2026 19:48:40"
"D","C:\EAR_OS_V2\temp_legacy\lib\api.ts","2,1","29/04/2026 19:48:40"
"D","C:\EAR_OS_V2\temp_legacy\pages\bodas\proveedores\CateringGourmet.tsx","3,15","29/04/2026 19:48:40"
"D","C:\EAR_OS_V2\temp_legacy\pages\bodas\proveedores\FotografiaVideo.tsx","3,73","29/04/2026 19:48:40"
"D","C:\EAR_OS_V2\temp_legacy\pages\bodas\FincasCuradas.tsx","3,66","29/04/2026 19:48:40"
"D","C:\EAR_OS_V2\temp_legacy\pages\bodas\HotelesEventos.tsx","2,6","29/04/2026 19:48:40"
"D","C:\EAR_OS_V2\temp_legacy\pages\herramientas\DisenoSala.tsx","3,21","29/04/2026 19:48:40"
"D","C:\EAR_OS_V2\temp_legacy\pages\herramientas\InvitadosBoda.tsx","3,32","29/04/2026 19:48:40"
"D","C:\EAR_OS_V2\temp_legacy\pages\herramientas\PlanObraBoda.tsx","3,04","29/04/2026 19:48:40"
"D","C:\EAR_OS_V2\temp_legacy\pages\herramientas\PresupuestoBoda.tsx","3,32","29/04/2026 19:48:40"
"D","C:\EAR_OS_V2\temp_legacy\pages\magazine\FasePlanificacion.tsx","5,67","29/04/2026 19:48:40"
"D","C:\EAR_OS_V2\temp_legacy\pages\magazine\IngenieriaSiQuiero.tsx","4,17","29/04/2026 19:48:40"
"D","C:\EAR_OS_V2\temp_legacy\pages\Dossier.tsx","15,87","29/04/2026 19:48:40"
"D","C:\EAR_OS_V2\temp_legacy\routes\earRoutes.ts","0,89","29/04/2026 19:48:40"
"D","C:\EAR_OS_V2\temp_legacy\App.tsx","5,73","29/04/2026 19:48:40"
"D","C:\EAR_OS_V2\temp_legacy\constants.ts","2,89","29/04/2026 19:48:40"
"D","C:\EAR_OS_V2\temp_legacy\index.tsx","0,35","29/04/2026 19:48:40"
"D","C:\EAR_OS_V2\temp_legacy\README.md","0,56","29/04/2026 19:48:40"
"D","C:\EAR_OS_V2\temp_legacy\types.ts","1,17","29/04/2026 19:48:40"
"D","C:\EAR_OS_V2\temp_legacy\vite.config.ts","0,59","29/04/2026 19:48:40"
"D","C:\EAR_OS_V2\.instructions.md","6,44","22/04/2026 13:24:57"
"D","C:\EAR_OS_V2\CONSOLIDACION_PASO_4.md","2,28","24/04/2026 11:11:43"
"D","C:\EAR_OS_V2\EAR_OS_GENOME.md","1016,14","29/04/2026 22:43:27"
"D","C:\EAR_OS_V2\EAR_OS_OMEGA_CODEX.md","55028,63","24/04/2026 13:25:56"
"D","C:\EAR_OS_V2\IMPERIO_MAPA_ESTRUCTURAL.md","3,69","29/04/2026 19:52:14"
"D","C:\EAR_OS_V2\IMPERIUM_OMEGA_ROADMAP.md","9,36","24/04/2026 13:40:06"
"D","C:\EAR_OS_V2\instrucciones_ejecucion.md","1,46","24/04/2026 13:20:21"
"D","C:\EAR_OS_V2\MANUAL_CLINE_RX7900_XTX.md","47,22","29/04/2026 19:48:40"
"D","C:\EAR_OS_V2\next-env.d.ts","0,25","29/04/2026 21:33:25"
"D","C:\EAR_OS_V2\next.config.js","0,47","29/04/2026 19:44:07"
"D","C:\EAR_OS_V2\next.config.ts","0,13","29/04/2026 19:44:07"
"D","C:\EAR_OS_V2\omni_extractor.js","6,13","24/04/2026 13:20:12"
"D","C:\EAR_OS_V2\README_SOVEREIGN.md","2,25","19/04/2026 14:21:21"
"D","C:\EAR_OS_V2\TESTAMENTO_CLINE.md","6,81","29/04/2026 19:48:40"
