"Node","FullName","Name","KB","Creado"
"C_OPERATIONS","C:\EAR-OS_Projects\AI_MAX\Lib\site-packages\llama_cpp_python-0.3.20.dist-info\licenses\LICENSE.md","LICENSE.md","1,04","2026-04-14"
"C_OPERATIONS","C:\EAR-OS_Projects\AI_MAX\Lib\site-packages\numpy\random\LICENSE.md","LICENSE.md","3,5","2026-04-14"
"C_OPERATIONS","C:\EAR-OS_Projects\AI_MAX\Lib\site-packages\numpy-2.4.3.dist-info\licenses\numpy\fft\pocketfft\LICENSE.md","LICENSE.md","1,49","2026-04-14"
"C_OPERATIONS","C:\EAR-OS_Projects\AI_MAX\Lib\site-packages\numpy-2.4.3.dist-info\licenses\numpy\random\src\distributions\LICENSE.md","LICENSE.md","2,74","2026-04-14"
"C_OPERATIONS","C:\EAR-OS_Projects\AI_MAX\Lib\site-packages\numpy-2.4.3.dist-info\licenses\numpy\random\src\mt19937\LICENSE.md","LICENSE.md","2,92","2026-04-14"
"C_OPERATIONS","C:\EAR-OS_Projects\AI_MAX\Lib\site-packages\numpy-2.4.3.dist-info\licenses\numpy\random\src\pcg64\LICENSE.md","LICENSE.md","1,15","2026-04-14"
"C_OPERATIONS","C:\EAR-OS_Projects\AI_MAX\Lib\site-packages\numpy-2.4.3.dist-info\licenses\numpy\random\src\philox\LICENSE.md","LICENSE.md","1,5","2026-04-14"
"C_OPERATIONS","C:\EAR-OS_Projects\AI_MAX\Lib\site-packages\numpy-2.4.3.dist-info\licenses\numpy\random\src\sfc64\LICENSE.md","LICENSE.md","1,22","2026-04-14"
"C_OPERATIONS","C:\EAR-OS_Projects\AI_MAX\Lib\site-packages\numpy-2.4.3.dist-info\licenses\numpy\random\src\splitmix64\LICENSE.md","LICENSE.md","0,33","2026-04-14"
"C_OPERATIONS","C:\EAR-OS_Projects\AI_MAX\Lib\site-packages\numpy-2.4.3.dist-info\licenses\numpy\random\LICENSE.md","LICENSE.md","3,5","2026-04-14"
"C_OPERATIONS","C:\EAR-OS_Projects\AI_MAX\Lib\site-packages\numpy-2.4.3.dist-info\licenses\numpy\_core\src\npysort\x86-simd-sort\LICENSE.md","LICENSE.md","1,51","2026-04-14"
"C_OPERATIONS","C:\EAR-OS_Projects\AI_MAX\Lib\site-packages\torch\utils\model_dump\code.js","code.js","19,47","2026-04-14"
"C_OPERATIONS","C:\EAR-OS_Projects\AI_MAX\Lib\site-packages\torchgen\packaged\autograd\README.md","README.md","0,15","2026-04-14"
"C_OPERATIONS","C:\EAR_OS_V2\.firebase\productora-ear-backend\functions\next.config.js","next.config.js","0,47","2026-04-29"
"C_OPERATIONS","C:\EAR_OS_V2\.firebase\productora-ear-backend\functions\server.js","server.js","0,23","2026-04-29"
"C_OPERATIONS","C:\EAR_OS_V2\.firebase\productora-ear-backend\hosting\_next\static\6C56a8BcdHxmkBgPe4daz\_buildManifest.js","_buildManifest.js","0,21","2026-04-29"
"C_OPERATIONS","C:\EAR_OS_V2\.firebase\productora-ear-backend\hosting\_next\static\6C56a8BcdHxmkBgPe4daz\_clientMiddlewareManifest.js","_clientMiddlewareManifest.js","0,45","2026-04-29"
"C_OPERATIONS","C:\EAR_OS_V2\.firebase\productora-ear-backend\hosting\_next\static\6C56a8BcdHxmkBgPe4daz\_ssgManifest.js","_ssgManifest.js","0,09","2026-04-29"
"C_OPERATIONS","C:\EAR_OS_V2\.firebase\productora-ear-backend\hosting\_next\static\chunks\0-4oo_oi06i0r.js","0-4oo_oi06i0r.js","6,39","2026-04-29"
"C_OPERATIONS","C:\EAR_OS_V2\.firebase\productora-ear-backend\hosting\_next\static\chunks\0-kda8pqo1hvx.js","0-kda8pqo1hvx.js","20,98","2026-04-29"
"C_OPERATIONS","C:\EAR_OS_V2\.firebase\productora-ear-backend\hosting\_next\static\chunks\0-wm5yza5374s.js","0-wm5yza5374s.js","0,29","2026-04-29"
"C_OPERATIONS","C:\EAR_OS_V2\.firebase\productora-ear-backend\hosting\_next\static\chunks\00-csyj9a6t-x.js","00-csyj9a6t-x.js","53,37","2026-04-29"
"C_OPERATIONS","C:\EAR_OS_V2\.firebase\productora-ear-backend\hosting\_next\static\chunks\00sjvml1.5r4h.js","00sjvml1.5r4h.js","0,71","2026-04-29"
"C_OPERATIONS","C:\EAR_OS_V2\.firebase\productora-ear-backend\hosting\_next\static\chunks\01xlw8hd842-c.js","01xlw8hd842-c.js","3,3","2026-04-29"
"C_OPERATIONS","C:\EAR_OS_V2\.firebase\productora-ear-backend\hosting\_next\static\chunks\03~yq9q893hmn.js","03~yq9q893hmn.js","109,96","2026-04-29"
"C_OPERATIONS","C:\EAR_OS_V2\.firebase\productora-ear-backend\hosting\_next\static\chunks\07uz2g0_38qia.js","07uz2g0_38qia.js","42,92","2026-04-29"
"C_OPERATIONS","C:\EAR_OS_V2\.firebase\productora-ear-backend\hosting\_next\static\chunks\085~.u6_b3yip.js","085~.u6_b3yip.js","43,2","2026-04-29"
"C_OPERATIONS","C:\EAR_OS_V2\.firebase\productora-ear-backend\hosting\_next\static\chunks\09t2isllljna7.js","09t2isllljna7.js","117,01","2026-04-29"
"C_OPERATIONS","C:\EAR_OS_V2\.firebase\productora-ear-backend\hosting\_next\static\chunks\0a6k5yn61q6w6.js","0a6k5yn61q6w6.js","9,84","2026-04-29"
"C_OPERATIONS","C:\EAR_OS_V2\.firebase\productora-ear-backend\hosting\_next\static\chunks\0bmwtnbugq9f_.js","0bmwtnbugq9f_.js","6,65","2026-04-29"
"C_OPERATIONS","C:\EAR_OS_V2\.firebase\productora-ear-backend\hosting\_next\static\chunks\0cka7oyyv90nw.js","0cka7oyyv90nw.js","195,41","2026-04-29"
"C_OPERATIONS","C:\EAR_OS_V2\.firebase\productora-ear-backend\hosting\_next\static\chunks\0d-mbmzt.r3t~.js","0d-mbmzt.r3t~.js","31,12","2026-04-29"
"C_OPERATIONS","C:\EAR_OS_V2\.firebase\productora-ear-backend\hosting\_next\static\chunks\0d2bp~b3bc.pk.js","0d2bp~b3bc.pk.js","195,41","2026-04-29"
"C_OPERATIONS","C:\EAR_OS_V2\.firebase\productora-ear-backend\hosting\_next\static\chunks\0fytrm1si15-s.js","0fytrm1si15-s.js","16,44","2026-04-29"
"C_OPERATIONS","C:\EAR_OS_V2\.firebase\productora-ear-backend\hosting\_next\static\chunks\0hjpt03-n96k7.js","0hjpt03-n96k7.js","4,78","2026-04-29"
"C_OPERATIONS","C:\EAR_OS_V2\.firebase\productora-ear-backend\hosting\_next\static\chunks\0jma.8302htl4.js","0jma.8302htl4.js","12,24","2026-04-29"
"C_OPERATIONS","C:\EAR_OS_V2\.firebase\productora-ear-backend\hosting\_next\static\chunks\0m07w14ra_3zx.js","0m07w14ra_3zx.js","5,59","2026-04-29"
"C_OPERATIONS","C:\EAR_OS_V2\.firebase\productora-ear-backend\hosting\_next\static\chunks\0n51s3dzc2df0.js","0n51s3dzc2df0.js","133,44","2026-04-29"
"C_OPERATIONS","C:\EAR_OS_V2\.firebase\productora-ear-backend\hosting\_next\static\chunks\0nt8nn4z_q4x..js","0nt8nn4z_q4x..js","60,03","2026-04-29"
"C_OPERATIONS","C:\EAR_OS_V2\.firebase\productora-ear-backend\hosting\_next\static\chunks\0p_p.hq2zfsq_.js","0p_p.hq2zfsq_.js","19,27","2026-04-29"
"C_OPERATIONS","C:\EAR_OS_V2\.firebase\productora-ear-backend\hosting\_next\static\chunks\0r1b_k05m9_d5.js","0r1b_k05m9_d5.js","7,12","2026-04-29"
"C_OPERATIONS","C:\EAR_OS_V2\.firebase\productora-ear-backend\hosting\_next\static\chunks\0v9c2uadhpd-i.js","0v9c2uadhpd-i.js","221,05","2026-04-29"
"C_OPERATIONS","C:\EAR_OS_V2\.firebase\productora-ear-backend\hosting\_next\static\chunks\0vnnapg2ejn7h.js","0vnnapg2ejn7h.js","25,43","2026-04-29"
"C_OPERATIONS","C:\EAR_OS_V2\.firebase\productora-ear-backend\hosting\_next\static\chunks\0wdi_inu8cga4.js","0wdi_inu8cga4.js","1","2026-04-29"
"C_OPERATIONS","C:\EAR_OS_V2\.firebase\productora-ear-backend\hosting\_next\static\chunks\0wsqxjq-wo2ww.js","0wsqxjq-wo2ww.js","7,01","2026-04-29"
"C_OPERATIONS","C:\EAR_OS_V2\.firebase\productora-ear-backend\hosting\_next\static\chunks\0z~dxaice6x2w.js","0z~dxaice6x2w.js","5,9","2026-04-29"
"C_OPERATIONS","C:\EAR_OS_V2\.firebase\productora-ear-backend\hosting\_next\static\chunks\0_8qk13twe2~z.js","0_8qk13twe2~z.js","9,82","2026-04-29"
"C_OPERATIONS","C:\EAR_OS_V2\.firebase\productora-ear-backend\hosting\_next\static\chunks\144ytiyhm3rka.js","144ytiyhm3rka.js","36,86","2026-04-29"
"C_OPERATIONS","C:\EAR_OS_V2\.firebase\productora-ear-backend\hosting\_next\static\chunks\1479goi5-.k0p.js","1479goi5-.k0p.js","7,53","2026-04-29"
"C_OPERATIONS","C:\EAR_OS_V2\.firebase\productora-ear-backend\hosting\_next\static\chunks\14gfx4girh_la.js","14gfx4girh_la.js","4,95","2026-04-29"
"C_OPERATIONS","C:\EAR_OS_V2\.firebase\productora-ear-backend\hosting\_next\static\chunks\15p6x344yl3_o.js","15p6x344yl3_o.js","20,45","2026-04-29"
"C_OPERATIONS","C:\EAR_OS_V2\.firebase\productora-ear-backend\hosting\_next\static\chunks\16swo1rfrn9.7.js","16swo1rfrn9.7.js","8,61","2026-04-29"
"C_OPERATIONS","C:\EAR_OS_V2\.firebase\productora-ear-backend\hosting\_next\static\chunks\16u33jctn6mxj.js","16u33jctn6mxj.js","7,32","2026-04-29"
"C_OPERATIONS","C:\EAR_OS_V2\.firebase\productora-ear-backend\hosting\_next\static\chunks\17e447qc70vq5.js","17e447qc70vq5.js","451,91","2026-04-29"
"C_OPERATIONS","C:\EAR_OS_V2\.firebase\productora-ear-backend\hosting\_next\static\chunks\turbopack-03gpvuyjxc4o6.js","turbopack-03gpvuyjxc4o6.js","10,36","2026-04-29"
"C_OPERATIONS","C:\EAR_OS_V2\data_vault\docs\ASTRA_BUSINESS_MODEL.md","ASTRA_BUSINESS_MODEL.md","1,65","2026-04-20"
"C_OPERATIONS","C:\EAR_OS_V2\data_vault\docs\DEPLOY_GUIDE.md","DEPLOY_GUIDE.md","4,72","2026-04-20"
"C_OPERATIONS","C:\EAR_OS_V2\data_vault\docs\EAR_CORE_DIRECTIVES.md","EAR_CORE_DIRECTIVES.md","4,98","2026-04-20"
"C_OPERATIONS","C:\EAR_OS_V2\data_vault\docs\EAR_CORE_OBJECTIVES.md","EAR_CORE_OBJECTIVES.md","1,92","2026-04-20"
"C_OPERATIONS","C:\EAR_OS_V2\data_vault\docs\EAR_FIREBASE_RULES.md","EAR_FIREBASE_RULES.md","2,09","2026-04-20"
"C_OPERATIONS","C:\EAR_OS_V2\data_vault\docs\EAR_PRODUCT_DEFINITION.md","EAR_PRODUCT_DEFINITION.md","1,41","2026-04-20"
"C_OPERATIONS","C:\EAR_OS_V2\data_vault\docs\EAR_QA_OPERATIONS_MANUAL.md","EAR_QA_OPERATIONS_MANUAL.md","2,94","2026-04-20"
"C_OPERATIONS","C:\EAR_OS_V2\data_vault\docs\EAR_RECOVERY_PROTOCOL.md","EAR_RECOVERY_PROTOCOL.md","2,06","2026-04-20"
"C_OPERATIONS","C:\EAR_OS_V2\data_vault\docs\EAR_SOURCE_INDEX.md","EAR_SOURCE_INDEX.md","1,81","2026-04-20"
"C_OPERATIONS","C:\EAR_OS_V2\data_vault\docs\FREEZE_v2.1_REPORT.md","FREEZE_v2.1_REPORT.md","1,04","2026-04-20"
"C_OPERATIONS","C:\EAR_OS_V2\data_vault\docs\INFORME_FINAL_SKILL_CHAIN.md","INFORME_FINAL_SKILL_CHAIN.md","2,54","2026-04-20"
"C_OPERATIONS","C:\EAR_OS_V2\data_vault\docs\NAV_MAP_EAR.md","NAV_MAP_EAR.md","2,88","2026-04-20"
"C_OPERATIONS","C:\EAR_OS_V2\data_vault\docs\README.md","README.md","1,67","2026-04-20"
"C_OPERATIONS","C:\EAR_OS_V2\data_vault\docs\TASKS.md","TASKS.md","1,39","2026-04-20"
"C_OPERATIONS","C:\EAR_OS_V2\data_vault\docs\TASK_BATCH_01.md","TASK_BATCH_01.md","1,97","2026-04-20"
"C_OPERATIONS","C:\EAR_OS_V2\scripts\database\codex_ingestion.js","codex_ingestion.js","1,88","2026-04-29"
"C_OPERATIONS","C:\EAR_OS_V2\scripts\cazador_fantasma.ts","cazador_fantasma.ts","5,24","2026-04-16"
"C_OPERATIONS","C:\EAR_OS_V2\scripts\generate_hunter_rag_foundations.js","generate_hunter_rag_foundations.js","7,25","2026-04-24"
"C_OPERATIONS","C:\EAR_OS_V2\scripts\generate_sclass_foundations.js","generate_sclass_foundations.js","6,81","2026-04-24"
"C_OPERATIONS","C:\EAR_OS_V2\scripts\intelligence_scan_route.ts","intelligence_scan_route.ts","2,95","2026-04-14"
"C_OPERATIONS","C:\EAR_OS_V2\scripts\knowledge-ingestion.ts","knowledge-ingestion.ts","2,76","2026-04-16"
"C_OPERATIONS","C:\EAR_OS_V2\scripts\rag_injector_omega.js","rag_injector_omega.js","4,03","2026-04-24"
"C_OPERATIONS","C:\EAR_OS_V2\scripts\telegramService.ts","telegramService.ts","1,15","2026-04-16"
"C_OPERATIONS","C:\EAR_OS_V2\scripts\test-memory-persistence.ts","test-memory-persistence.ts","0,48","2026-04-22"
"C_OPERATIONS","C:\EAR_OS_V2\scripts\vantage-registry.ts","vantage-registry.ts","2,27","2026-04-16"
"C_OPERATIONS","C:\EAR_OS_V2\src\app\admin\configurador\page.tsx","page.tsx","0,38","2026-04-29"
"C_OPERATIONS","C:\EAR_OS_V2\src\app\admin\crm\page.tsx","page.tsx","0,22","2026-04-24"
"C_OPERATIONS","C:\EAR_OS_V2\src\app\admin\crm-vulnerable\page.tsx","page.tsx","3,42","2026-04-24"
"C_OPERATIONS","C:\EAR_OS_V2\src\app\admin\estado\page.tsx","page.tsx","0,21","2026-04-24"
"C_OPERATIONS","C:\EAR_OS_V2\src\app\admin\flota\page.tsx","page.tsx","0,59","2026-04-24"
"C_OPERATIONS","C:\EAR_OS_V2\src\app\admin\oraculo\page.tsx","page.tsx","0,58","2026-04-24"
"C_OPERATIONS","C:\EAR_OS_V2\src\app\admin\vimume\page.tsx","page.tsx","0,37","2026-04-29"
"C_OPERATIONS","C:\EAR_OS_V2\src\app\admin\layout.tsx","layout.tsx","1,37","2026-04-29"
"C_OPERATIONS","C:\EAR_OS_V2\src\app\admin\page.tsx","page.tsx","0,2","2026-04-29"
"C_OPERATIONS","C:\EAR_OS_V2\src\app\api\astra\route.ts","route.ts","3,04","2026-04-29"
"C_OPERATIONS","C:\EAR_OS_V2\src\app\api\hunter\execute\route.ts","route.ts","1,73","2026-04-20"
"C_OPERATIONS","C:\EAR_OS_V2\src\app\api\hunter\ingest\route.ts","route.ts","1,51","2026-04-24"
"C_OPERATIONS","C:\EAR_OS_V2\src\app\api\hunter\phantom\route.ts","route.ts","1,5","2026-04-21"
"C_OPERATIONS","C:\EAR_OS_V2\src\app\api\payments\create-session\route.ts","route.ts","0,58","2026-04-29"
"C_OPERATIONS","C:\EAR_OS_V2\src\app\api\payments\liquidate\route.ts","route.ts","1,3","2026-04-24"
"C_OPERATIONS","C:\EAR_OS_V2\src\app\api\payments\webhook\route.ts","route.ts","1,71","2026-04-29"
"C_OPERATIONS","C:\EAR_OS_V2\src\app\api\rag\query\route.ts","route.ts","1,14","2026-04-24"
"C_OPERATIONS","C:\EAR_OS_V2\src\app\api\test-telegram\route.ts","route.ts","1,01","2026-04-21"
"C_OPERATIONS","C:\EAR_OS_V2\src\app\api\tripwire\route.ts","route.ts","1,31","2026-04-19"
"C_OPERATIONS","C:\EAR_OS_V2\src\app\api\vampire\transmute\route.ts","route.ts","0,84","2026-04-21"
"C_OPERATIONS","C:\EAR_OS_V2\src\app\api\vimume\atoms\route.ts","route.ts","1,08","2026-04-29"
"C_OPERATIONS","C:\EAR_OS_V2\src\app\api\vimume\projects\route.ts","route.ts","1,87","2026-04-29"
"C_OPERATIONS","C:\EAR_OS_V2\src\app\api\vimume\sessions\route.ts","route.ts","0,67","2026-04-29"
"C_OPERATIONS","C:\EAR_OS_V2\src\app\centro-mando\page.tsx","page.tsx","0,15","2026-04-29"
"C_OPERATIONS","C:\EAR_OS_V2\src\app\dashboard\page.tsx","page.tsx","1,59","2026-04-29"
"C_OPERATIONS","C:\EAR_OS_V2\src\app\login\page.tsx","page.tsx","0,15","2026-04-19"
"C_OPERATIONS","C:\EAR_OS_V2\src\app\[...slug]\page.tsx","page.tsx","13,64","2026-04-29"
"C_OPERATIONS","C:\EAR_OS_V2\src\app\layout.tsx","layout.tsx","3,27","2026-04-29"
"C_OPERATIONS","C:\EAR_OS_V2\src\app\page.tsx","page.tsx","6,66","2026-04-29"
"C_OPERATIONS","C:\EAR_OS_V2\src\app\robots.ts","robots.ts","0,42","2026-04-24"
"C_OPERATIONS","C:\EAR_OS_V2\src\app\sitemap.ts","sitemap.ts","2,39","2026-04-24"
"C_OPERATIONS","C:\EAR_OS_V2\src\components\auth\AuthGuard.tsx","AuthGuard.tsx","0,51","2026-04-29"
"C_OPERATIONS","C:\EAR_OS_V2\src\components\components\templates\RoutePageWrapper.tsx","RoutePageWrapper.tsx","1,38","2026-04-14"
"C_OPERATIONS","C:\EAR_OS_V2\src\components\SClass\Sidebar.tsx","Sidebar.tsx","4,13","2026-04-29"
"C_OPERATIONS","C:\EAR_OS_V2\src\components\SClass\TacticalTracker.tsx","TacticalTracker.tsx","9,2","2026-04-29"
"C_OPERATIONS","C:\EAR_OS_V2\src\components\SClassScreens\ApexButton.tsx","ApexButton.tsx","3,07","2026-04-29"
"C_OPERATIONS","C:\EAR_OS_V2\src\components\SClassScreens\BespokeTemplate.tsx","BespokeTemplate.tsx","7,09","2026-04-29"
"C_OPERATIONS","C:\EAR_OS_V2\src\components\SClassScreens\NeuralJourneyApex.tsx","NeuralJourneyApex.tsx","24,98","2026-04-29"
"C_OPERATIONS","C:\EAR_OS_V2\src\components\ui\BentoGrid.tsx","BentoGrid.tsx","1,22","2026-04-22"
"C_OPERATIONS","C:\EAR_OS_V2\src\components\ui\glassCard.tsx","glassCard.tsx","0,61","2026-04-22"
"C_OPERATIONS","C:\EAR_OS_V2\src\components\About.tsx","About.tsx","8,62","2026-04-14"
"C_OPERATIONS","C:\EAR_OS_V2\src\components\AdditionalServices.tsx","AdditionalServices.tsx","3,79","2026-04-14"
"C_OPERATIONS","C:\EAR_OS_V2\src\components\AdvancedSearchGrid.tsx","AdvancedSearchGrid.tsx","1,41","2026-04-29"
"C_OPERATIONS","C:\EAR_OS_V2\src\components\AnimatedStats.tsx","AnimatedStats.tsx","4,07","2026-04-14"
"C_OPERATIONS","C:\EAR_OS_V2\src\components\ArtistPortal.tsx","ArtistPortal.tsx","14,54","2026-04-14"
"C_OPERATIONS","C:\EAR_OS_V2\src\components\ArtistsSection.tsx","ArtistsSection.tsx","16,03","2026-04-14"
"C_OPERATIONS","C:\EAR_OS_V2\src\components\Blog.tsx","Blog.tsx","3,59","2026-04-14"
"C_OPERATIONS","C:\EAR_OS_V2\src\components\BusinessServices.tsx","BusinessServices.tsx","6,19","2026-04-14"
"C_OPERATIONS","C:\EAR_OS_V2\src\components\Contact.tsx","Contact.tsx","9,73","2026-04-14"
"C_OPERATIONS","C:\EAR_OS_V2\src\components\CostCalculator.tsx","CostCalculator.tsx","9,63","2026-04-14"
"C_OPERATIONS","C:\EAR_OS_V2\src\components\EarLogo.tsx","EarLogo.tsx","2,64","2026-04-14"
"C_OPERATIONS","C:\EAR_OS_V2\src\components\EarOS_Reconstructor.tsx","EarOS_Reconstructor.tsx","2,99","2026-04-22"
"C_OPERATIONS","C:\EAR_OS_V2\src\components\EventsSection.tsx","EventsSection.tsx","6,37","2026-04-14"
"C_OPERATIONS","C:\EAR_OS_V2\src\components\Features.tsx","Features.tsx","6,41","2026-04-14"
"C_OPERATIONS","C:\EAR_OS_V2\src\components\Footer.tsx","Footer.tsx","5,42","2026-04-14"
"C_OPERATIONS","C:\EAR_OS_V2\src\components\Hero.tsx","Hero.tsx","5,13","2026-04-14"
"C_OPERATIONS","C:\EAR_OS_V2\src\components\Navbar.tsx","Navbar.tsx","4,61","2026-04-14"
"C_OPERATIONS","C:\EAR_OS_V2\src\components\PaymentModal.tsx","PaymentModal.tsx","5,38","2026-04-29"
"C_OPERATIONS","C:\EAR_OS_V2\src\components\PricingTable.tsx","PricingTable.tsx","5,96","2026-04-14"
"C_OPERATIONS","C:\EAR_OS_V2\src\components\Privacy.tsx","Privacy.tsx","2,22","2026-04-14"
"C_OPERATIONS","C:\EAR_OS_V2\src\components\ProfesorIA.tsx","ProfesorIA.tsx","28,65","2026-04-14"
"C_OPERATIONS","C:\EAR_OS_V2\src\components\RentalSection.tsx","RentalSection.tsx","9,58","2026-04-14"
"C_OPERATIONS","C:\EAR_OS_V2\src\components\ReservationSystem.tsx","ReservationSystem.tsx","17,14","2026-04-14"
"C_OPERATIONS","C:\EAR_OS_V2\src\components\SocialImpactHome.tsx","SocialImpactHome.tsx","5,87","2026-04-14"
"C_OPERATIONS","C:\EAR_OS_V2\src\components\SocialProjects.tsx","SocialProjects.tsx","90,55","2026-04-14"
"C_OPERATIONS","C:\EAR_OS_V2\src\components\SovereignMemoryTest.tsx","SovereignMemoryTest.tsx","0,86","2026-04-22"
"C_OPERATIONS","C:\EAR_OS_V2\src\components\Stats.tsx","Stats.tsx","0,79","2026-04-14"
"C_OPERATIONS","C:\EAR_OS_V2\src\components\Testimonials.tsx","Testimonials.tsx","5,71","2026-04-14"
"C_OPERATIONS","C:\EAR_OS_V2\src\components\TheEarSignal.tsx","TheEarSignal.tsx","10,84","2026-04-29"
"C_OPERATIONS","C:\EAR_OS_V2\src\components\ThreeDoors.tsx","ThreeDoors.tsx","4,66","2026-04-29"
"C_OPERATIONS","C:\EAR_OS_V2\src\components\VideoServices.tsx","VideoServices.tsx","5,98","2026-04-29"
"C_OPERATIONS","C:\EAR_OS_V2\src\components\WeddingsSection.tsx","WeddingsSection.tsx","8,61","2026-04-14"
"C_OPERATIONS","C:\EAR_OS_V2\src\contexts\AuthContext.tsx","AuthContext.tsx","2,3","2026-04-22"
"C_OPERATIONS","C:\EAR_OS_V2\src\contexts\EventEngineContext.tsx","EventEngineContext.tsx","3,96","2026-04-29"
"C_OPERATIONS","C:\EAR_OS_V2\src\contexts\SuitContext.tsx","SuitContext.tsx","0,65","2026-04-22"
"C_OPERATIONS","C:\EAR_OS_V2\src\data\academy.ts","academy.ts","0,89","2026-04-14"
"C_OPERATIONS","C:\EAR_OS_V2\src\data\artists.ts","artists.ts","0,37","2026-04-14"
"C_OPERATIONS","C:\EAR_OS_V2\src\data\blog.ts","blog.ts","2,35","2026-04-14"
"C_OPERATIONS","C:\EAR_OS_V2\src\data\events.ts","events.ts","0,46","2026-04-14"
"C_OPERATIONS","C:\EAR_OS_V2\src\data\expertise.ts","expertise.ts","1,59","2026-04-14"
"C_OPERATIONS","C:\EAR_OS_V2\src\data\pricing.ts","pricing.ts","0,95","2026-04-14"
"C_OPERATIONS","C:\EAR_OS_V2\src\data\rentals.ts","rentals.ts","5,48","2026-04-14"
"C_OPERATIONS","C:\EAR_OS_V2\src\data\services.ts","services.ts","2,41","2026-04-14"
"C_OPERATIONS","C:\EAR_OS_V2\src\data\stats.ts","stats.ts","1,06","2026-04-14"
"C_OPERATIONS","C:\EAR_OS_V2\src\data\weddings.ts","weddings.ts","0,8","2026-04-14"
"C_OPERATIONS","C:\EAR_OS_V2\src\hooks\useStripe.tsx","useStripe.tsx","1,01","2026-04-19"
"C_OPERATIONS","C:\EAR_OS_V2\src\hooks\useTripwire.ts","useTripwire.ts","2,48","2026-04-19"
"C_OPERATIONS","C:\EAR_OS_V2\src\lib\constants\SClassNexus.ts","SClassNexus.ts","3,99","2026-04-29"
"C_OPERATIONS","C:\EAR_OS_V2\src\lib\constants\seo-data.ts","seo-data.ts","2,73","2026-04-29"
"C_OPERATIONS","C:\EAR_OS_V2\src\lib\engines\VimumeEngine.ts","VimumeEngine.ts","2,06","2026-04-29"
"C_OPERATIONS","C:\EAR_OS_V2\src\lib\engines\weddingMatchEngine.ts","weddingMatchEngine.ts","11,52","2026-04-29"
"C_OPERATIONS","C:\EAR_OS_V2\src\lib\intelligence\ApalancamientoEngine.ts","ApalancamientoEngine.ts","0,77","2026-04-19"
"C_OPERATIONS","C:\EAR_OS_V2\src\lib\intelligence\EternalMemory.ts","EternalMemory.ts","0,38","2026-04-29"
"C_OPERATIONS","C:\EAR_OS_V2\src\lib\intelligence\opalEngine.ts","opalEngine.ts","2,91","2026-04-19"
"C_OPERATIONS","C:\EAR_OS_V2\src\lib\intelligence\washData.ts","washData.ts","1,77","2026-04-24"
"C_OPERATIONS","C:\EAR_OS_V2\src\lib\recovered\client-interceptors.ts","client-interceptors.ts","1,09","2026-04-19"
"C_OPERATIONS","C:\EAR_OS_V2\src\lib\recovered\parseStripeProp.ts","parseStripeProp.ts","0,87","2026-04-19"
"C_OPERATIONS","C:\EAR_OS_V2\src\lib\recovered\sendForm.ts","sendForm.ts","0,52","2026-04-19"
"C_OPERATIONS","C:\EAR_OS_V2\src\lib\recovered\sendPost.ts","sendPost.ts","0,53","2026-04-19"
"C_OPERATIONS","C:\EAR_OS_V2\src\lib\services\ai\AstraService.ts","AstraService.ts","2,76","2026-04-21"
"C_OPERATIONS","C:\EAR_OS_V2\src\lib\services\comm\TelegramService.ts","TelegramService.ts","1,94","2026-04-21"
"C_OPERATIONS","C:\EAR_OS_V2\src\lib\services\scrapers\cazador_fantasma.ts","cazador_fantasma.ts","3,32","2026-04-21"
"C_OPERATIONS","C:\EAR_OS_V2\src\lib\services\scrapers\README_SCRAPER.md","README_SCRAPER.md","1,47","2026-04-20"
"C_OPERATIONS","C:\EAR_OS_V2\src\lib\services\auth_nexus.ts","auth_nexus.ts","2,72","2026-04-29"
"C_OPERATIONS","C:\EAR_OS_V2\src\lib\services\EmpireLoop.ts","EmpireLoop.ts","5,89","2026-04-29"
"C_OPERATIONS","C:\EAR_OS_V2\src\lib\services\ghost_hunter.ts","ghost_hunter.ts","1,98","2026-04-24"
"C_OPERATIONS","C:\EAR_OS_V2\src\lib\services\nexus_payments.ts","nexus_payments.ts","2,92","2026-04-24"
"C_OPERATIONS","C:\EAR_OS_V2\src\lib\services\VampireService.ts","VampireService.ts","2,39","2026-04-21"
"C_OPERATIONS","C:\EAR_OS_V2\src\lib\services\webhook_dispatcher.ts","webhook_dispatcher.ts","1,93","2026-04-20"
"C_OPERATIONS","C:\EAR_OS_V2\src\lib\utils\AstraCore.ts","AstraCore.ts","3,64","2026-04-29"
"C_OPERATIONS","C:\EAR_OS_V2\src\lib\api.ts","api.ts","1,93","2026-04-24"
"C_OPERATIONS","C:\EAR_OS_V2\src\lib\AuthContext.tsx","AuthContext.tsx","1,75","2026-04-19"
"C_OPERATIONS","C:\EAR_OS_V2\src\lib\firebase.ts","firebase.ts","1,04","2026-04-19"
"C_OPERATIONS","C:\EAR_OS_V2\src\lib\hunter.ts","hunter.ts","3,07","2026-04-19"
"C_OPERATIONS","C:\EAR_OS_V2\src\lib\payments.ts","payments.ts","1,03","2026-04-29"
"C_OPERATIONS","C:\EAR_OS_V2\src\lib\paypal.ts","paypal.ts","2","2026-04-29"
"C_OPERATIONS","C:\EAR_OS_V2\src\lib\utils.ts","utils.ts","0,17","2026-04-22"
"C_OPERATIONS","C:\EAR_OS_V2\src\modules\SClassScreens\components\AstraKPIPanel.tsx","AstraKPIPanel.tsx","5,57","2026-04-29"
"C_OPERATIONS","C:\EAR_OS_V2\src\modules\SClassScreens\components\BucleAprendizaje.tsx","BucleAprendizaje.tsx","2,66","2026-04-24"
"C_OPERATIONS","C:\EAR_OS_V2\src\modules\SClassScreens\components\FenixConsole.tsx","FenixConsole.tsx","3,19","2026-04-24"
"C_OPERATIONS","C:\EAR_OS_V2\src\modules\SClassScreens\components\MotorTactico.tsx","MotorTactico.tsx","1,08","2026-04-24"
"C_OPERATIONS","C:\EAR_OS_V2\src\modules\SClassScreens\components\SClassUI.tsx","SClassUI.tsx","4,04","2026-04-19"
"C_OPERATIONS","C:\EAR_OS_V2\src\modules\SClassScreens\components\SimuladorEscenarios.tsx","SimuladorEscenarios.tsx","1,37","2026-04-24"
"C_OPERATIONS","C:\EAR_OS_V2\src\modules\SClassScreens\components\SovereignSkeleton.tsx","SovereignSkeleton.tsx","1,74","2026-04-19"
"C_OPERATIONS","C:\EAR_OS_V2\src\modules\SClassScreens\components\VimumeDashboard.tsx","VimumeDashboard.tsx","10,31","2026-04-29"
"C_OPERATIONS","C:\EAR_OS_V2\src\modules\SClassScreens\components\VimumeNavigator.tsx","VimumeNavigator.tsx","4,81","2026-04-29"
"C_OPERATIONS","C:\EAR_OS_V2\src\modules\SClassScreens\panels\AcademyPanel.tsx","AcademyPanel.tsx","7,2","2026-04-29"
"C_OPERATIONS","C:\EAR_OS_V2\src\modules\SClassScreens\panels\AffiliatesPanel.tsx","AffiliatesPanel.tsx","8,8","2026-04-29"
"C_OPERATIONS","C:\EAR_OS_V2\src\modules\SClassScreens\panels\AgencyPortalPanel.tsx","AgencyPortalPanel.tsx","11,8","2026-04-20"
"C_OPERATIONS","C:\EAR_OS_V2\src\modules\SClassScreens\panels\ArtistHubPanel.tsx","ArtistHubPanel.tsx","8,54","2026-04-29"
"C_OPERATIONS","C:\EAR_OS_V2\src\modules\SClassScreens\panels\AstraNeuralBrain.tsx","AstraNeuralBrain.tsx","11,33","2026-04-29"
"C_OPERATIONS","C:\EAR_OS_V2\src\modules\SClassScreens\panels\AstraNeuralTwinPanel.tsx","AstraNeuralTwinPanel.tsx","10,12","2026-04-20"
"C_OPERATIONS","C:\EAR_OS_V2\src\modules\SClassScreens\panels\BriefingPanel.tsx","BriefingPanel.tsx","0,13","2026-04-20"
"C_OPERATIONS","C:\EAR_OS_V2\src\modules\SClassScreens\panels\CRMPanel.tsx","CRMPanel.tsx","6,99","2026-04-29"
"C_OPERATIONS","C:\EAR_OS_V2\src\modules\SClassScreens\panels\CROPanel.tsx","CROPanel.tsx","5,4","2026-04-29"
"C_OPERATIONS","C:\EAR_OS_V2\src\modules\SClassScreens\panels\DispatchPanel.tsx","DispatchPanel.tsx","4,06","2026-04-29"
"C_OPERATIONS","C:\EAR_OS_V2\src\modules\SClassScreens\panels\FinancialPanel.tsx","FinancialPanel.tsx","15,61","2026-04-29"
"C_OPERATIONS","C:\EAR_OS_V2\src\modules\SClassScreens\panels\FinancialSimulatorPanel.tsx","FinancialSimulatorPanel.tsx","10,82","2026-04-20"
"C_OPERATIONS","C:\EAR_OS_V2\src\modules\SClassScreens\panels\ForensicScanner.tsx","ForensicScanner.tsx","12,76","2026-04-29"
"C_OPERATIONS","C:\EAR_OS_V2\src\modules\SClassScreens\panels\GrowthPulsePanel.tsx","GrowthPulsePanel.tsx","7,98","2026-04-20"
"C_OPERATIONS","C:\EAR_OS_V2\src\modules\SClassScreens\panels\HermesTrackerPanel.tsx","HermesTrackerPanel.tsx","13,17","2026-04-20"
"C_OPERATIONS","C:\EAR_OS_V2\src\modules\SClassScreens\panels\HunterPanel.tsx","HunterPanel.tsx","12,16","2026-04-29"
"C_OPERATIONS","C:\EAR_OS_V2\src\modules\SClassScreens\panels\InfrastructurePanel.tsx","InfrastructurePanel.tsx","9,39","2026-04-20"
"C_OPERATIONS","C:\EAR_OS_V2\src\modules\SClassScreens\panels\InstitucionalPanel.tsx","InstitucionalPanel.tsx","8,66","2026-04-29"
"C_OPERATIONS","C:\EAR_OS_V2\src\modules\SClassScreens\panels\MarketPanel.tsx","MarketPanel.tsx","8,42","2026-04-29"
"C_OPERATIONS","C:\EAR_OS_V2\src\modules\SClassScreens\panels\OmegaCockpitPanel.tsx","OmegaCockpitPanel.tsx","14,71","2026-04-20"
"C_OPERATIONS","C:\EAR_OS_V2\src\modules\SClassScreens\panels\RoadmapPanel.tsx","RoadmapPanel.tsx","8,82","2026-04-29"
"C_OPERATIONS","C:\EAR_OS_V2\src\modules\SClassScreens\panels\SecurityTrackerPanel.tsx","SecurityTrackerPanel.tsx","0,15","2026-04-20"
"C_OPERATIONS","C:\EAR_OS_V2\src\modules\SClassScreens\panels\StitchConsole.tsx","StitchConsole.tsx","10,46","2026-04-29"
"C_OPERATIONS","C:\EAR_OS_V2\src\modules\SClassScreens\panels\TacticalArsenalPanel.tsx","TacticalArsenalPanel.tsx","0,15","2026-04-20"
"C_OPERATIONS","C:\EAR_OS_V2\src\modules\SClassScreens\panels\TacticalConsolidated.tsx","TacticalConsolidated.tsx","8,03","2026-04-20"
"C_OPERATIONS","C:\EAR_OS_V2\src\modules\SClassScreens\panels\ToolkitPanel.tsx","ToolkitPanel.tsx","0,13","2026-04-20"
"C_OPERATIONS","C:\EAR_OS_V2\src\modules\SClassScreens\panels\UrlIndexPanel.tsx","UrlIndexPanel.tsx","5,96","2026-04-29"
"C_OPERATIONS","C:\EAR_OS_V2\src\modules\SClassScreens\panels\VampirePanel.tsx","VampirePanel.tsx","10,48","2026-04-29"
"C_OPERATIONS","C:\EAR_OS_V2\src\modules\SClassScreens\panels\VenuesB2BPanel.tsx","VenuesB2BPanel.tsx","6,23","2026-04-29"
"C_OPERATIONS","C:\EAR_OS_V2\src\modules\SClassScreens\panels\VimumeAtlas.tsx","VimumeAtlas.tsx","6,18","2026-04-29"
"C_OPERATIONS","C:\EAR_OS_V2\src\modules\SClassScreens\panels\VimumeCorePanel.tsx","VimumeCorePanel.tsx","12,71","2026-04-29"
"C_OPERATIONS","C:\EAR_OS_V2\src\modules\SClassScreens\panels\VimumeLegacy.tsx","VimumeLegacy.tsx","7,46","2026-04-23"
"C_OPERATIONS","C:\EAR_OS_V2\src\modules\SClassScreens\panels\VimumeProjectsPanel.tsx","VimumeProjectsPanel.tsx","8,38","2026-04-29"
"C_OPERATIONS","C:\EAR_OS_V2\src\modules\SClassScreens\panels\VimumeSocial.tsx","VimumeSocial.tsx","8,42","2026-04-23"
"C_OPERATIONS","C:\EAR_OS_V2\src\modules\SClassScreens\panels\VimumeTrackerPanel.tsx","VimumeTrackerPanel.tsx","29,19","2026-04-29"
"C_OPERATIONS","C:\EAR_OS_V2\src\modules\SClassScreens\panels\VimumeVertical.tsx","VimumeVertical.tsx","4,17","2026-04-29"
"C_OPERATIONS","C:\EAR_OS_V2\src\modules\SClassScreens\panels\WeddingDashboardPanel.tsx","WeddingDashboardPanel.tsx","10,11","2026-04-20"
"C_OPERATIONS","C:\EAR_OS_V2\src\modules\SClassScreens\AllianceNetwork.tsx","AllianceNetwork.tsx","10","2026-04-24"
"C_OPERATIONS","C:\EAR_OS_V2\src\modules\SClassScreens\AstraNeuralTwin.tsx","AstraNeuralTwin.tsx","6,85","2026-04-24"
"C_OPERATIONS","C:\EAR_OS_V2\src\modules\SClassScreens\AstraSingleVoice.tsx","AstraSingleVoice.tsx","2,64","2026-04-29"
"C_OPERATIONS","C:\EAR_OS_V2\src\modules\SClassScreens\AutonomousOrchestrator.tsx","AutonomousOrchestrator.tsx","8,87","2026-04-29"
"C_OPERATIONS","C:\EAR_OS_V2\src\modules\SClassScreens\ConfiguradorBespoke.tsx","ConfiguradorBespoke.tsx","4,78","2026-04-29"
"C_OPERATIONS","C:\EAR_OS_V2\src\modules\SClassScreens\DemandEngine.tsx","DemandEngine.tsx","10,3","2026-04-24"
"C_OPERATIONS","C:\EAR_OS_V2\src\modules\SClassScreens\EarCommandCenter.tsx","EarCommandCenter.tsx","3,86","2026-04-29"
"C_OPERATIONS","C:\EAR_OS_V2\src\modules\SClassScreens\ExpansionDashboard.tsx","ExpansionDashboard.tsx","5,19","2026-04-24"
"C_OPERATIONS","C:\EAR_OS_V2\src\modules\SClassScreens\FenixCommandCenter.tsx","FenixCommandCenter.tsx","6,32","2026-04-29"
"C_OPERATIONS","C:\EAR_OS_V2\src\modules\SClassScreens\FenixV2Dashboard.tsx","FenixV2Dashboard.tsx","9,23","2026-04-29"
"C_OPERATIONS","C:\EAR_OS_V2\src\modules\SClassScreens\FleetTracker.tsx","FleetTracker.tsx","3,55","2026-04-24"
"C_OPERATIONS","C:\EAR_OS_V2\src\modules\SClassScreens\OmnibusTracker.tsx","OmnibusTracker.tsx","8","2026-04-29"
"C_OPERATIONS","C:\EAR_OS_V2\src\modules\SClassScreens\ShieldTracker.tsx","ShieldTracker.tsx","4,75","2026-04-24"
"C_OPERATIONS","C:\EAR_OS_V2\src\modules\SClassScreens\SovereignLogin.tsx","SovereignLogin.tsx","11,5","2026-04-19"
"C_OPERATIONS","C:\EAR_OS_V2\src\services\earOpsService.ts","earOpsService.ts","6,08","2026-04-19"
"C_OPERATIONS","C:\EAR_OS_V2\src\services\EmpireLoop.ts","EmpireLoop.ts","2,32","2026-04-24"
"C_OPERATIONS","C:\EAR_OS_V2\src\stores\useEmpireStore.ts","useEmpireStore.ts","1,93","2026-04-24"
"C_OPERATIONS","C:\EAR_OS_V2\src\types\paypal.d.ts","paypal.d.ts","0,68","2026-04-29"
"C_OPERATIONS","C:\EAR_OS_V2\src\types\SClass.d.ts","SClass.d.ts","0,74","2026-04-29"
"C_OPERATIONS","C:\EAR_OS_V2\src\proxy.ts","proxy.ts","0,74","2026-04-29"
"C_OPERATIONS","C:\EAR_OS_V2\src\types.ts","types.ts","1,67","2026-04-24"
"C_OPERATIONS","C:\EAR_OS_V2\sync_nexus\STITCH_DIRECTIVE_01.md","STITCH_DIRECTIVE_01.md","1,95","2026-04-29"
"C_OPERATIONS","C:\EAR_OS_V2\sync_nexus\STITCH_DIRECTIVE_02_VIMUME.md","STITCH_DIRECTIVE_02_VIMUME.md","2,55","2026-04-29"
"C_OPERATIONS","C:\EAR_OS_V2\temp_legacy\components\templates\RoutePageWrapper.tsx","RoutePageWrapper.tsx","1,42","2026-04-29"
"C_OPERATIONS","C:\EAR_OS_V2\temp_legacy\components\About.tsx","About.tsx","8,75","2026-04-29"
"C_OPERATIONS","C:\EAR_OS_V2\temp_legacy\components\AdditionalServices.tsx","AdditionalServices.tsx","3,85","2026-04-29"
"C_OPERATIONS","C:\EAR_OS_V2\temp_legacy\components\AnimatedStats.tsx","AnimatedStats.tsx","4,2","2026-04-29"
"C_OPERATIONS","C:\EAR_OS_V2\temp_legacy\components\ArtistPortal.tsx","ArtistPortal.tsx","14,77","2026-04-29"
"C_OPERATIONS","C:\EAR_OS_V2\temp_legacy\components\ArtistsSection.tsx","ArtistsSection.tsx","16,27","2026-04-29"
"C_OPERATIONS","C:\EAR_OS_V2\temp_legacy\components\Blog.tsx","Blog.tsx","3,67","2026-04-29"
"C_OPERATIONS","C:\EAR_OS_V2\temp_legacy\components\BusinessServices.tsx","BusinessServices.tsx","6,27","2026-04-29"
"C_OPERATIONS","C:\EAR_OS_V2\temp_legacy\components\Contact.tsx","Contact.tsx","9,9","2026-04-29"
"C_OPERATIONS","C:\EAR_OS_V2\temp_legacy\components\CostCalculator.tsx","CostCalculator.tsx","9,81","2026-04-29"
"C_OPERATIONS","C:\EAR_OS_V2\temp_legacy\components\EarLogo.tsx","EarLogo.tsx","2,71","2026-04-29"
"C_OPERATIONS","C:\EAR_OS_V2\temp_legacy\components\EventsSection.tsx","EventsSection.tsx","6,48","2026-04-29"
"C_OPERATIONS","C:\EAR_OS_V2\temp_legacy\components\Features.tsx","Features.tsx","6,51","2026-04-29"
"C_OPERATIONS","C:\EAR_OS_V2\temp_legacy\components\Footer.tsx","Footer.tsx","5,47","2026-04-29"
"C_OPERATIONS","C:\EAR_OS_V2\temp_legacy\components\Hero.tsx","Hero.tsx","5,22","2026-04-29"
"C_OPERATIONS","C:\EAR_OS_V2\temp_legacy\components\Navbar.tsx","Navbar.tsx","4,67","2026-04-29"
"C_OPERATIONS","C:\EAR_OS_V2\temp_legacy\components\PaymentModal.tsx","PaymentModal.tsx","5,38","2026-04-29"
"C_OPERATIONS","C:\EAR_OS_V2\temp_legacy\components\PricingTable.tsx","PricingTable.tsx","6,05","2026-04-29"
"C_OPERATIONS","C:\EAR_OS_V2\temp_legacy\components\Privacy.tsx","Privacy.tsx","2,26","2026-04-29"
"C_OPERATIONS","C:\EAR_OS_V2\temp_legacy\components\ProfesorIA.tsx","ProfesorIA.tsx","29,02","2026-04-29"
"C_OPERATIONS","C:\EAR_OS_V2\temp_legacy\components\RentalSection.tsx","RentalSection.tsx","9,76","2026-04-29"
"C_OPERATIONS","C:\EAR_OS_V2\temp_legacy\components\ReservationSystem.tsx","ReservationSystem.tsx","17,46","2026-04-29"
"C_OPERATIONS","C:\EAR_OS_V2\temp_legacy\components\SocialImpactHome.tsx","SocialImpactHome.tsx","5,98","2026-04-29"
"C_OPERATIONS","C:\EAR_OS_V2\temp_legacy\components\SocialProjects.tsx","SocialProjects.tsx","91,81","2026-04-29"
"C_OPERATIONS","C:\EAR_OS_V2\temp_legacy\components\Stats.tsx","Stats.tsx","0,81","2026-04-29"
"C_OPERATIONS","C:\EAR_OS_V2\temp_legacy\components\Testimonials.tsx","Testimonials.tsx","5,82","2026-04-29"
"C_OPERATIONS","C:\EAR_OS_V2\temp_legacy\components\TheEarSignal.tsx","TheEarSignal.tsx","10,24","2026-04-29"
"C_OPERATIONS","C:\EAR_OS_V2\temp_legacy\components\ThreeDoors.tsx","ThreeDoors.tsx","4,64","2026-04-29"
"C_OPERATIONS","C:\EAR_OS_V2\temp_legacy\components\VideoServices.tsx","VideoServices.tsx","5,96","2026-04-29"
"C_OPERATIONS","C:\EAR_OS_V2\temp_legacy\components\WeddingsSection.tsx","WeddingsSection.tsx","8,75","2026-04-29"
"C_OPERATIONS","C:\EAR_OS_V2\temp_legacy\data\academy.ts","academy.ts","0,91","2026-04-29"
"C_OPERATIONS","C:\EAR_OS_V2\temp_legacy\data\artists.ts","artists.ts","0,39","2026-04-29"
"C_OPERATIONS","C:\EAR_OS_V2\temp_legacy\data\blog.ts","blog.ts","2,41","2026-04-29"
"C_OPERATIONS","C:\EAR_OS_V2\temp_legacy\data\events.ts","events.ts","0,47","2026-04-29"
"C_OPERATIONS","C:\EAR_OS_V2\temp_legacy\data\expertise.ts","expertise.ts","1,62","2026-04-29"
"C_OPERATIONS","C:\EAR_OS_V2\temp_legacy\data\pricing.ts","pricing.ts","0,97","2026-04-29"
"C_OPERATIONS","C:\EAR_OS_V2\temp_legacy\data\rentals.ts","rentals.ts","5,64","2026-04-29"
"C_OPERATIONS","C:\EAR_OS_V2\temp_legacy\data\services.ts","services.ts","2,49","2026-04-29"
"C_OPERATIONS","C:\EAR_OS_V2\temp_legacy\data\stats.ts","stats.ts","1,1","2026-04-29"
"C_OPERATIONS","C:\EAR_OS_V2\temp_legacy\data\weddings.ts","weddings.ts","0,82","2026-04-29"
"C_OPERATIONS","C:\EAR_OS_V2\temp_legacy\lib\api.ts","api.ts","2,1","2026-04-29"
"C_OPERATIONS","C:\EAR_OS_V2\temp_legacy\pages\bodas\proveedores\CateringGourmet.tsx","CateringGourmet.tsx","3,15","2026-04-29"
"C_OPERATIONS","C:\EAR_OS_V2\temp_legacy\pages\bodas\proveedores\FotografiaVideo.tsx","FotografiaVideo.tsx","3,73","2026-04-29"
"C_OPERATIONS","C:\EAR_OS_V2\temp_legacy\pages\bodas\FincasCuradas.tsx","FincasCuradas.tsx","3,66","2026-04-29"
"C_OPERATIONS","C:\EAR_OS_V2\temp_legacy\pages\bodas\HotelesEventos.tsx","HotelesEventos.tsx","2,6","2026-04-29"
"C_OPERATIONS","C:\EAR_OS_V2\temp_legacy\pages\herramientas\DisenoSala.tsx","DisenoSala.tsx","3,21","2026-04-29"
"C_OPERATIONS","C:\EAR_OS_V2\temp_legacy\pages\herramientas\InvitadosBoda.tsx","InvitadosBoda.tsx","3,32","2026-04-29"
"C_OPERATIONS","C:\EAR_OS_V2\temp_legacy\pages\herramientas\PlanObraBoda.tsx","PlanObraBoda.tsx","3,04","2026-04-29"
"C_OPERATIONS","C:\EAR_OS_V2\temp_legacy\pages\herramientas\PresupuestoBoda.tsx","PresupuestoBoda.tsx","3,32","2026-04-29"
"C_OPERATIONS","C:\EAR_OS_V2\temp_legacy\pages\magazine\FasePlanificacion.tsx","FasePlanificacion.tsx","5,67","2026-04-29"
"C_OPERATIONS","C:\EAR_OS_V2\temp_legacy\pages\magazine\IngenieriaSiQuiero.tsx","IngenieriaSiQuiero.tsx","4,17","2026-04-29"
"C_OPERATIONS","C:\EAR_OS_V2\temp_legacy\pages\Dossier.tsx","Dossier.tsx","15,87","2026-04-29"
"C_OPERATIONS","C:\EAR_OS_V2\temp_legacy\routes\earRoutes.ts","earRoutes.ts","0,89","2026-04-29"
"C_OPERATIONS","C:\EAR_OS_V2\temp_legacy\App.tsx","App.tsx","5,73","2026-04-29"
"C_OPERATIONS","C:\EAR_OS_V2\temp_legacy\constants.ts","constants.ts","2,89","2026-04-29"
"C_OPERATIONS","C:\EAR_OS_V2\temp_legacy\index.tsx","index.tsx","0,35","2026-04-29"
"C_OPERATIONS","C:\EAR_OS_V2\temp_legacy\README.md","README.md","0,56","2026-04-29"
"C_OPERATIONS","C:\EAR_OS_V2\temp_legacy\types.ts","types.ts","1,17","2026-04-29"
"C_OPERATIONS","C:\EAR_OS_V2\temp_legacy\vite.config.ts","vite.config.ts","0,59","2026-04-29"
"C_OPERATIONS","C:\EAR_OS_V2\.instructions.md",".instructions.md","6,44","2026-04-22"
"C_OPERATIONS","C:\EAR_OS_V2\CONSOLIDACION_PASO_4.md","CONSOLIDACION_PASO_4.md","2,28","2026-04-24"
"C_OPERATIONS","C:\EAR_OS_V2\EAR_OS_GENOME.md","EAR_OS_GENOME.md","1016,14","2026-04-29"
"C_OPERATIONS","C:\EAR_OS_V2\EAR_OS_OMEGA_CODEX.md","EAR_OS_OMEGA_CODEX.md","55028,63","2026-04-24"
"C_OPERATIONS","C:\EAR_OS_V2\IMPERIO_MAPA_ESTRUCTURAL.md","IMPERIO_MAPA_ESTRUCTURAL.md","3,69","2026-04-29"
"C_OPERATIONS","C:\EAR_OS_V2\IMPERIUM_OMEGA_ROADMAP.md","IMPERIUM_OMEGA_ROADMAP.md","9,36","2026-04-24"
"C_OPERATIONS","C:\EAR_OS_V2\instrucciones_ejecucion.md","instrucciones_ejecucion.md","1,46","2026-04-24"
"C_OPERATIONS","C:\EAR_OS_V2\MANUAL_CLINE_RX7900_XTX.md","MANUAL_CLINE_RX7900_XTX.md","47,22","2026-04-29"
"C_OPERATIONS","C:\EAR_OS_V2\next-env.d.ts","next-env.d.ts","0,25","2026-04-19"
"C_OPERATIONS","C:\EAR_OS_V2\next.config.js","next.config.js","0,47","2026-04-29"
"C_OPERATIONS","C:\EAR_OS_V2\next.config.ts","next.config.ts","0,13","2026-04-29"
"C_OPERATIONS","C:\EAR_OS_V2\omni_extractor.js","omni_extractor.js","6,13","2026-04-24"
"C_OPERATIONS","C:\EAR_OS_V2\README_SOVEREIGN.md","README_SOVEREIGN.md","2,25","2026-04-19"
"C_OPERATIONS","C:\EAR_OS_V2\TESTAMENTO_CLINE.md","TESTAMENTO_CLINE.md","6,81","2026-04-29"
