Campaign,Ad Group,Keyword,Criterion Type,Headline 1,Headline 2,Headline 3,Description 1,Description 2,Final URL
EAR_ES_SEARCH_SOLISTA_PREMIUM_OCASIONES,Regalos Cumpleaños & Fiestas Privadas,serenata cumpleaños madrid,Exact,Edwin Agudelo Solista 350€,Serenata Cumpleaños Madrid,Bono 150€ en Extras VIP,Sorprende en su cumpleaños con voz en directo y dedicatoria especial. Sonido Bose HiFi.,Bono directo de 150€ en complementos: flores de gala o sombrero charro. Reserva 350€.,https://www.productoraear.com/artistas/edwin-agudelo?utm_source=google&utm_medium=cpc&utm_campaign=solista_premium&utm_term=serenata+cumpleanos
EAR_ES_SEARCH_SOLISTA_PREMIUM_OCASIONES,Regalos Cumpleaños & Fiestas Privadas,contratar cantante fiesta privada,Exact,Edwin Agudelo Solista 350€,Serenata Cumpleaños Madrid,Bono 150€ en Extras VIP,Sorprende en su cumpleaños con voz en directo y dedicatoria especial. Sonido Bose HiFi.,Bono directo de 150€ en complementos: flores de gala o sombrero charro. Reserva 350€.,https://www.productoraear.com/artistas/edwin-agudelo?utm_source=google&utm_medium=cpc&utm_campaign=solista_premium&utm_term=serenata+cumpleanos
EAR_ES_SEARCH_SOLISTA_PREMIUM_OCASIONES,Regalos Cumpleaños & Fiestas Privadas,regalo musical sorpresa cumpleaños,Exact,Edwin Agudelo Solista 350€,Serenata Cumpleaños Madrid,Bono 150€ en Extras VIP,Sorprende en su cumpleaños con voz en directo y dedicatoria especial. Sonido Bose HiFi.,Bono directo de 150€ en complementos: flores de gala o sombrero charro. Reserva 350€.,https://www.productoraear.com/artistas/edwin-agudelo?utm_source=google&utm_medium=cpc&utm_campaign=solista_premium&utm_term=serenata+cumpleanos
EAR_ES_SEARCH_SOLISTA_PREMIUM_OCASIONES,Regalos Cumpleaños & Fiestas Privadas,cantante mariachi cumpleaños madrid,Exact,Edwin Agudelo Solista 350€,Serenata Cumpleaños Madrid,Bono 150€ en Extras VIP,Sorprende en su cumpleaños con voz en directo y dedicatoria especial. Sonido Bose HiFi.,Bono directo de 150€ en complementos: flores de gala o sombrero charro. Reserva 350€.,https://www.productoraear.com/artistas/edwin-agudelo?utm_source=google&utm_medium=cpc&utm_campaign=solista_premium&utm_term=serenata+cumpleanos
EAR_ES_SEARCH_SOLISTA_PREMIUM_OCASIONES,Regalos Cumpleaños & Fiestas Privadas,edwin agudelo solista precio,Exact,Edwin Agudelo Solista 350€,Serenata Cumpleaños Madrid,Bono 150€ en Extras VIP,Sorprende en su cumpleaños con voz en directo y dedicatoria especial. Sonido Bose HiFi.,Bono directo de 150€ en complementos: flores de gala o sombrero charro. Reserva 350€.,https://www.productoraear.com/artistas/edwin-agudelo?utm_source=google&utm_medium=cpc&utm_campaign=solista_premium&utm_term=serenata+cumpleanos
EAR_ES_SEARCH_SOLISTA_PREMIUM_OCASIONES,Regalos Cumpleaños & Fiestas Privadas,serenata sorpresa para cumpleaños,Phrase,Edwin Agudelo Solista 350€,Serenata Cumpleaños Madrid,Bono 150€ en Extras VIP,Sorprende en su cumpleaños con voz en directo y dedicatoria especial. Sonido Bose HiFi.,Bono directo de 150€ en complementos: flores de gala o sombrero charro. Reserva 350€.,https://www.productoraear.com/artistas/edwin-agudelo?utm_source=google&utm_medium=cpc&utm_campaign=solista_premium&utm_term=serenata+cumpleanos
EAR_ES_SEARCH_SOLISTA_PREMIUM_OCASIONES,Regalos Cumpleaños & Fiestas Privadas,cantante en directo para fiesta privada,Phrase,Edwin Agudelo Solista 350€,Serenata Cumpleaños Madrid,Bono 150€ en Extras VIP,Sorprende en su cumpleaños con voz en directo y dedicatoria especial. Sonido Bose HiFi.,Bono directo de 150€ en complementos: flores de gala o sombrero charro. Reserva 350€.,https://www.productoraear.com/artistas/edwin-agudelo?utm_source=google&utm_medium=cpc&utm_campaign=solista_premium&utm_term=serenata+cumpleanos
EAR_ES_SEARCH_SOLISTA_PREMIUM_OCASIONES,Regalos Cumpleaños & Fiestas Privadas,musica en vivo cumpleaños madrid,Phrase,Edwin Agudelo Solista 350€,Serenata Cumpleaños Madrid,Bono 150€ en Extras VIP,Sorprende en su cumpleaños con voz en directo y dedicatoria especial. Sonido Bose HiFi.,Bono directo de 150€ en complementos: flores de gala o sombrero charro. Reserva 350€.,https://www.productoraear.com/artistas/edwin-agudelo?utm_source=google&utm_medium=cpc&utm_campaign=solista_premium&utm_term=serenata+cumpleanos
EAR_ES_SEARCH_SOLISTA_PREMIUM_OCASIONES,Regalos Cumpleaños & Fiestas Privadas,contratar mariachi para cumpleaños,Phrase,Edwin Agudelo Solista 350€,Serenata Cumpleaños Madrid,Bono 150€ en Extras VIP,Sorprende en su cumpleaños con voz en directo y dedicatoria especial. Sonido Bose HiFi.,Bono directo de 150€ en complementos: flores de gala o sombrero charro. Reserva 350€.,https://www.productoraear.com/artistas/edwin-agudelo?utm_source=google&utm_medium=cpc&utm_campaign=solista_premium&utm_term=serenata+cumpleanos
EAR_ES_SEARCH_SOLISTA_PREMIUM_OCASIONES,Día de la Madre & Día del Padre,serenata dia de la madre madrid,Exact,Serenata Día de la Madre,Edwin Agudelo Solista 350€,Regalo Emocional Inédito,Regala a mamá una serenata en directo en casa o restaurante. Ramo floral de gala incluido.,Edwin Agudelo Tenor: boleros y rancheras inolvidables con sonido Bose HiFi. Tarifa 350€.,https://www.productoraear.com/artistas/edwin-agudelo?utm_source=google&utm_medium=cpc&utm_campaign=solista_premium&utm_term=serenata+dia+de+la+madre
EAR_ES_SEARCH_SOLISTA_PREMIUM_OCASIONES,Día de la Madre & Día del Padre,regalo dia de la madre musica,Exact,Serenata Día de la Madre,Edwin Agudelo Solista 350€,Regalo Emocional Inédito,Regala a mamá una serenata en directo en casa o restaurante. Ramo floral de gala incluido.,Edwin Agudelo Tenor: boleros y rancheras inolvidables con sonido Bose HiFi. Tarifa 350€.,https://www.productoraear.com/artistas/edwin-agudelo?utm_source=google&utm_medium=cpc&utm_campaign=solista_premium&utm_term=serenata+dia+de+la+madre
EAR_ES_SEARCH_SOLISTA_PREMIUM_OCASIONES,Día de la Madre & Día del Padre,serenata dia del padre,Exact,Serenata Día de la Madre,Edwin Agudelo Solista 350€,Regalo Emocional Inédito,Regala a mamá una serenata en directo en casa o restaurante. Ramo floral de gala incluido.,Edwin Agudelo Tenor: boleros y rancheras inolvidables con sonido Bose HiFi. Tarifa 350€.,https://www.productoraear.com/artistas/edwin-agudelo?utm_source=google&utm_medium=cpc&utm_campaign=solista_premium&utm_term=serenata+dia+de+la+madre
EAR_ES_SEARCH_SOLISTA_PREMIUM_OCASIONES,Día de la Madre & Día del Padre,mariachi dia de la madre precios,Exact,Serenata Día de la Madre,Edwin Agudelo Solista 350€,Regalo Emocional Inédito,Regala a mamá una serenata en directo en casa o restaurante. Ramo floral de gala incluido.,Edwin Agudelo Tenor: boleros y rancheras inolvidables con sonido Bose HiFi. Tarifa 350€.,https://www.productoraear.com/artistas/edwin-agudelo?utm_source=google&utm_medium=cpc&utm_campaign=solista_premium&utm_term=serenata+dia+de+la+madre
EAR_ES_SEARCH_SOLISTA_PREMIUM_OCASIONES,Día de la Madre & Día del Padre,serenata para el dia de la madre,Phrase,Serenata Día de la Madre,Edwin Agudelo Solista 350€,Regalo Emocional Inédito,Regala a mamá una serenata en directo en casa o restaurante. Ramo floral de gala incluido.,Edwin Agudelo Tenor: boleros y rancheras inolvidables con sonido Bose HiFi. Tarifa 350€.,https://www.productoraear.com/artistas/edwin-agudelo?utm_source=google&utm_medium=cpc&utm_campaign=solista_premium&utm_term=serenata+dia+de+la+madre
EAR_ES_SEARCH_SOLISTA_PREMIUM_OCASIONES,Día de la Madre & Día del Padre,homenaje musical dia del padre,Phrase,Serenata Día de la Madre,Edwin Agudelo Solista 350€,Regalo Emocional Inédito,Regala a mamá una serenata en directo en casa o restaurante. Ramo floral de gala incluido.,Edwin Agudelo Tenor: boleros y rancheras inolvidables con sonido Bose HiFi. Tarifa 350€.,https://www.productoraear.com/artistas/edwin-agudelo?utm_source=google&utm_medium=cpc&utm_campaign=solista_premium&utm_term=serenata+dia+de+la+madre
EAR_ES_SEARCH_SOLISTA_PREMIUM_OCASIONES,Día de la Madre & Día del Padre,cancion personalizada para mama,Phrase,Serenata Día de la Madre,Edwin Agudelo Solista 350€,Regalo Emocional Inédito,Regala a mamá una serenata en directo en casa o restaurante. Ramo floral de gala incluido.,Edwin Agudelo Tenor: boleros y rancheras inolvidables con sonido Bose HiFi. Tarifa 350€.,https://www.productoraear.com/artistas/edwin-agudelo?utm_source=google&utm_medium=cpc&utm_campaign=solista_premium&utm_term=serenata+dia+de+la+madre
EAR_ES_SEARCH_MARIACHI_BODAS_EVENTOS,Mariachi para Bodas Madrid & Toledo,mariachi para bodas madrid,Exact,Mariachi Bodas Madrid 750€,Mínimo 5 Músicos de Gala,Edwin Agudelo y Ensamble,"Quinteto Oficial de Mariachi para bodas: 2 Trompetas, Vihuela, Guitarrón y Voz Tenor.",Sonido impecable 12 W/pax con Bose F1 y trajes charros de gran gala. Desde 750€ cerrados.,https://www.productoraear.com/bodas/madrid/dj-eventos?utm_source=google&utm_medium=cpc&utm_campaign=mariachi_bodas
EAR_ES_SEARCH_MARIACHI_BODAS_EVENTOS,Mariachi para Bodas Madrid & Toledo,contratar mariachi boda toledo,Exact,Mariachi Bodas Madrid 750€,Mínimo 5 Músicos de Gala,Edwin Agudelo y Ensamble,"Quinteto Oficial de Mariachi para bodas: 2 Trompetas, Vihuela, Guitarrón y Voz Tenor.",Sonido impecable 12 W/pax con Bose F1 y trajes charros de gran gala. Desde 750€ cerrados.,https://www.productoraear.com/bodas/madrid/dj-eventos?utm_source=google&utm_medium=cpc&utm_campaign=mariachi_bodas
EAR_ES_SEARCH_MARIACHI_BODAS_EVENTOS,Mariachi para Bodas Madrid & Toledo,mariachi 5 musicos madrid precio,Exact,Mariachi Bodas Madrid 750€,Mínimo 5 Músicos de Gala,Edwin Agudelo y Ensamble,"Quinteto Oficial de Mariachi para bodas: 2 Trompetas, Vihuela, Guitarrón y Voz Tenor.",Sonido impecable 12 W/pax con Bose F1 y trajes charros de gran gala. Desde 750€ cerrados.,https://www.productoraear.com/bodas/madrid/dj-eventos?utm_source=google&utm_medium=cpc&utm_campaign=mariachi_bodas
EAR_ES_SEARCH_MARIACHI_BODAS_EVENTOS,Mariachi para Bodas Madrid & Toledo,quinteto mariachi gala madrid,Exact,Mariachi Bodas Madrid 750€,Mínimo 5 Músicos de Gala,Edwin Agudelo y Ensamble,"Quinteto Oficial de Mariachi para bodas: 2 Trompetas, Vihuela, Guitarrón y Voz Tenor.",Sonido impecable 12 W/pax con Bose F1 y trajes charros de gran gala. Desde 750€ cerrados.,https://www.productoraear.com/bodas/madrid/dj-eventos?utm_source=google&utm_medium=cpc&utm_campaign=mariachi_bodas
EAR_ES_SEARCH_MARIACHI_BODAS_EVENTOS,Mariachi para Bodas Madrid & Toledo,mariachis para bodas en madrid,Phrase,Mariachi Bodas Madrid 750€,Mínimo 5 Músicos de Gala,Edwin Agudelo y Ensamble,"Quinteto Oficial de Mariachi para bodas: 2 Trompetas, Vihuela, Guitarrón y Voz Tenor.",Sonido impecable 12 W/pax con Bose F1 y trajes charros de gran gala. Desde 750€ cerrados.,https://www.productoraear.com/bodas/madrid/dj-eventos?utm_source=google&utm_medium=cpc&utm_campaign=mariachi_bodas
EAR_ES_SEARCH_MARIACHI_BODAS_EVENTOS,Mariachi para Bodas Madrid & Toledo,musica mariachi ceremonia boda,Phrase,Mariachi Bodas Madrid 750€,Mínimo 5 Músicos de Gala,Edwin Agudelo y Ensamble,"Quinteto Oficial de Mariachi para bodas: 2 Trompetas, Vihuela, Guitarrón y Voz Tenor.",Sonido impecable 12 W/pax con Bose F1 y trajes charros de gran gala. Desde 750€ cerrados.,https://www.productoraear.com/bodas/madrid/dj-eventos?utm_source=google&utm_medium=cpc&utm_campaign=mariachi_bodas
EAR_ES_SEARCH_MARIACHI_BODAS_EVENTOS,Mariachi para Bodas Madrid & Toledo,cuanto cuesta mariachi para boda,Phrase,Mariachi Bodas Madrid 750€,Mínimo 5 Músicos de Gala,Edwin Agudelo y Ensamble,"Quinteto Oficial de Mariachi para bodas: 2 Trompetas, Vihuela, Guitarrón y Voz Tenor.",Sonido impecable 12 W/pax con Bose F1 y trajes charros de gran gala. Desde 750€ cerrados.,https://www.productoraear.com/bodas/madrid/dj-eventos?utm_source=google&utm_medium=cpc&utm_campaign=mariachi_bodas
EAR_ES_SEARCH_ALQUILER_SONIDO_ILUMINACION,Alquiler Pantallas LED & Sonorización S-Class,alquiler pantallas led madrid,Exact,Pantallas LED Madrid 4K,Sonorización S-Class 12W/pax,24 Packs de Sonido y Luces,Alquiler de pantallas LED P2.6/P3.9 y sonido profesional Bose/dB Tech. 24 packs homologados.,"Montaje integral, técnico de audio in-situ y cobertura acústica certificada. Desde 84€.",https://www.productoraear.com/corporativo/alquiler-pantallas-led-madrid?utm_source=google&utm_medium=cpc&utm_campaign=sonido_led
EAR_ES_SEARCH_ALQUILER_SONIDO_ILUMINACION,Alquiler Pantallas LED & Sonorización S-Class,alquiler sonido e iluminacion madrid,Exact,Pantallas LED Madrid 4K,Sonorización S-Class 12W/pax,24 Packs de Sonido y Luces,Alquiler de pantallas LED P2.6/P3.9 y sonido profesional Bose/dB Tech. 24 packs homologados.,"Montaje integral, técnico de audio in-situ y cobertura acústica certificada. Desde 84€.",https://www.productoraear.com/corporativo/alquiler-pantallas-led-madrid?utm_source=google&utm_medium=cpc&utm_campaign=sonido_led
EAR_ES_SEARCH_ALQUILER_SONIDO_ILUMINACION,Alquiler Pantallas LED & Sonorización S-Class,alquiler equipo sonido bose eventos,Exact,Pantallas LED Madrid 4K,Sonorización S-Class 12W/pax,24 Packs de Sonido y Luces,Alquiler de pantallas LED P2.6/P3.9 y sonido profesional Bose/dB Tech. 24 packs homologados.,"Montaje integral, técnico de audio in-situ y cobertura acústica certificada. Desde 84€.",https://www.productoraear.com/corporativo/alquiler-pantallas-led-madrid?utm_source=google&utm_medium=cpc&utm_campaign=sonido_led
EAR_ES_SEARCH_ALQUILER_SONIDO_ILUMINACION,Alquiler Pantallas LED & Sonorización S-Class,alquiler discomovil bodas madrid,Exact,Pantallas LED Madrid 4K,Sonorización S-Class 12W/pax,24 Packs de Sonido y Luces,Alquiler de pantallas LED P2.6/P3.9 y sonido profesional Bose/dB Tech. 24 packs homologados.,"Montaje integral, técnico de audio in-situ y cobertura acústica certificada. Desde 84€.",https://www.productoraear.com/corporativo/alquiler-pantallas-led-madrid?utm_source=google&utm_medium=cpc&utm_campaign=sonido_led
EAR_ES_SEARCH_ALQUILER_SONIDO_ILUMINACION,Alquiler Pantallas LED & Sonorización S-Class,alquiler de pantallas led para eventos,Phrase,Pantallas LED Madrid 4K,Sonorización S-Class 12W/pax,24 Packs de Sonido y Luces,Alquiler de pantallas LED P2.6/P3.9 y sonido profesional Bose/dB Tech. 24 packs homologados.,"Montaje integral, técnico de audio in-situ y cobertura acústica certificada. Desde 84€.",https://www.productoraear.com/corporativo/alquiler-pantallas-led-madrid?utm_source=google&utm_medium=cpc&utm_campaign=sonido_led
EAR_ES_SEARCH_ALQUILER_SONIDO_ILUMINACION,Alquiler Pantallas LED & Sonorización S-Class,equipo de sonido e iluminacion precio,Phrase,Pantallas LED Madrid 4K,Sonorización S-Class 12W/pax,24 Packs de Sonido y Luces,Alquiler de pantallas LED P2.6/P3.9 y sonido profesional Bose/dB Tech. 24 packs homologados.,"Montaje integral, técnico de audio in-situ y cobertura acústica certificada. Desde 84€.",https://www.productoraear.com/corporativo/alquiler-pantallas-led-madrid?utm_source=google&utm_medium=cpc&utm_campaign=sonido_led
EAR_ES_SEARCH_ALQUILER_SONIDO_ILUMINACION,Alquiler Pantallas LED & Sonorización S-Class,alquiler sonido profesional madrid,Phrase,Pantallas LED Madrid 4K,Sonorización S-Class 12W/pax,24 Packs de Sonido y Luces,Alquiler de pantallas LED P2.6/P3.9 y sonido profesional Bose/dB Tech. 24 packs homologados.,"Montaje integral, técnico de audio in-situ y cobertura acústica certificada. Desde 84€.",https://www.productoraear.com/corporativo/alquiler-pantallas-led-madrid?utm_source=google&utm_medium=cpc&utm_campaign=sonido_led
